Citation	DOI	Nodes	Study_id	Study_link
Aggerbeck, Marie, Jon Fjeldså, Les Christidis, Pierre-Henri Fabre, Knud Andreas Jønsson. 2014. Resolving deep lineage divergences in core corvoid passerine birds supports a proto-Papuan island origin. Molecular Phylogenetics and Evolution 70: 272-285.	https://doi.org/10.1016/j.ympev.2013.09.027	0	pg_2702	https://tree.opentreeoflife.org/curator/study/view/pg_2702
Aliabadian, Mansour, Mohammad Kaboli, Roger Prodon, Vincent Nijman, Miguel Vences. 2007. Phylogeny of Palaearctic wheatears (genus Oenanthe)—Congruence between morphometric and molecular data. Molecular Phylogenetics and Evolution 42 (3): 665-675	http://dx.doi.org/10.1016/j.ympev.2006.08.018	6	ot_894	https://tree.opentreeoflife.org/curator/study/view/ot_894
ALICE CIBOIS, JEAN-CLAUDE THIBAULT, ERIC PASQUET, 2008, 'Systematics of the extinct reed warblers Acrocephalus of the Society Islands of eastern Polynesia', Ibis, vol. 150, no. 2, pp. 365-376	http://dx.doi.org/10.1111/j.1474-919x.2008.00800.x	6	ot_914	https://tree.opentreeoflife.org/curator/study/view/ot_914
Alström, P., Cibois, A., Irestedt, M., Zuccon, D., Gelang, M., Fjeldså, J., Andersen, M. J., Moyle, R. G., Pasquet, E., & Olsson, U. (2018). Comprehensive molecular phylogeny of the grassbirds and allies (Locustellidae) reveals extensive non-monophyly of traditional genera, and a proposal for a new classification. Molecular Phylogenetics and Evolution, 127, 367–375. https://doi.org/10.1016/j.ympev.2018.03.029	http://dx.doi.org/10.1016/j.ympev.2018.03.029	55	ot_2178	https://tree.opentreeoflife.org/curator/study/view/ot_2178
Alstrom, P., D. M. Hooper, Y. Liu, U. Olsson, D. Mohan, M. Gelang, H. Le Manh, J. Zhao, F. Lei, T. D. Price. 2014. Discovery of a relict lineage and monotypic family of passerine birds. Biology Letters 10 (3): 20131067-20131067.	http://dx.doi.org/10.1098/rsbl.2013.1067	60	ot_111	https://tree.opentreeoflife.org/curator/study/view/ot_111
Alström, P., Höhna, S., Gelang, M., Ericson, P. G., & Olsson, U. (2011). Non-monophyly and intricate morphological evolution within the avian family Cettiidae revealed by multilocus analysis of a taxonomically densely sampled dataset. BMC Evolutionary Biology, 11(1), 352. https://doi.org/10.1186/1471-2148-11-352	http://dx.doi.org/10.1186/1471-2148-11-352	20	ot_2182	https://tree.opentreeoflife.org/curator/study/view/ot_2182
Alström, P., Jønsson, K. A., Fjeldså, J., Ödeen, A., Ericson, P. G. P., & Irestedt, M. (2015). Dramatic niche shifts and morphological change in two insular bird species. Royal Society Open Science, 2(3), 140364. https://doi.org/10.1098/rsos.140364	http://dx.doi.org/10.1098/rsos.140364	20	ot_2191	https://tree.opentreeoflife.org/curator/study/view/ot_2191
Alström, P., Mohammadi, Z., Enbody, E., Irestedt, M., Engelbrecht, D., Crochet, P.-A., Guillaumet, A., Rancilhac, L., Tieleman, B. I., Olsson, U., Donald, P. F., & Stervander, M. (2023). Systematics of the avian family Alaudidae using multilocus and genomic data. Avian Research, 100095. https://doi.org/10.1016/j.avrs.2023.100095	http://dx.doi.org/10.1016/j.avrs.2023.100095	86	ot_2230	https://tree.opentreeoflife.org/curator/study/view/ot_2230
Alström, P., Rasmussen, P. C., Sangster, G., Dalvi, S., Round, P. D., Zhang, R., Yao, C., Irestedt, M., Le Manh, H., Lei, F., & Olsson, U. (2019). Multiple species within the Striated Prinia	http://dx.doi.org/10.1111/ibi.12759	4	ot_2192	https://tree.opentreeoflife.org/curator/study/view/ot_2192
Alström, P., Rasmussen, P. C., Xia, C., Gelang, M., Liu, Y., Chen, G., Zhao, M., Hao, Y., Zhao, C., Zhao, J., Yao, C., Eaton, J. A., Hutchinson, R., Lei, F., & Olsson, U. (2018). Taxonomy of the White-browed Shortwing (Brachypteryx montana) complex on mainland Asia and Taiwan: an integrative approach supports recognition of three instead of one species. Avian Research, 9(1). https://doi.org/10.1186/s40657-018-0125-6	http://dx.doi.org/10.1186/s40657-018-0125-6	4	ot_2189	https://tree.opentreeoflife.org/curator/study/view/ot_2189
Alström, P., Rasmussen, P. C., Xia, C., Zhang, L., Liu, C., Magnusson, J., Shafaeipour, A., & Olsson, U. (2021). Morphology, vocalizations, and mitochondrial DNA suggest that the Graceful Prinia is two species. Ornithology, 138(2). https://doi.org/10.1093/ornithology/ukab014	http://dx.doi.org/10.1093/ornithology/ukab014	1	ot_2193	https://tree.opentreeoflife.org/curator/study/view/ot_2193
Alström, P., Rasmussen, P. C., Zhao, C., Xu, J., Dalvi, S., Cai, T., Guan, Y., Zhang, R., Kalyakin, M. V., Lei, F., & Olsson, U. (2016). Integrative taxonomy of the Plain-backed Thrush (Zoothera mollissima) complex (Aves, Turdidae) reveals cryptic species, including a new species. Avian Research, 7(1). https://doi.org/10.1186/s40657-016-0037-2	http://dx.doi.org/10.1186/s40657-016-0037-2	1	ot_2220	https://tree.opentreeoflife.org/curator/study/view/ot_2220
Alström, Per, Keith N. Barnes, Urban Olsson, F. Keith Barker, Paulette Bloomer, Aleem Ahmed Khan, Masood Ahmed Qureshi, Alban Guillaumet, Pierre-André Crochet, Peter G. Ryan. 2013. Multilocus phylogeny of the avian family Alaudidae (larks) reveals complex morphological evolution, non-monophyletic genera and hidden species diversity. Molecular Phylogenetics and Evolution 69 (3): 1043-1056.	http://dx.doi.org/10.1016/j.ympev.2013.06.005	58	pg_2599	https://tree.opentreeoflife.org/curator/study/view/pg_2599
Andersen, M. J., McCullough, J. M., Friedman, N. R., Peterson, A. T., Moyle, R. G., Joseph, L., & Nyári, Á. S. (2019). Ultraconserved elements resolve genus-level relationships in a major Australasian bird radiation (Aves: Meliphagidae). Emu - Austral Ornithology, 119(3), 218–232. https://doi.org/10.1080/01584197.2019.1595662	http://dx.doi.org/10.1080/01584197.2019.1595662	39	ot_2156	https://tree.opentreeoflife.org/curator/study/view/ot_2156
Arbabi, Tayebeh, Javier Gonzalez, Michael Wink. 2014. A re-evaluation of phylogenetic relationships within reed warblers (Aves: Acrocephalidae) based on eight molecular loci and ISSR profiles. Molecular Phylogenetics and Evolution 78: 304-313.	http://dx.doi.org/10.1016/j.ympev.2014.05.026	29	ot_103	https://tree.opentreeoflife.org/curator/study/view/ot_103
Armenta, Jessica K., Jason D. Weckstein, Daniel F. Lane. 2005. Geographic variation in mitochondrial DNA sequences of an Amazonian nonpasserine: The Black-spotted Barbet complex. The Condor 107 (3): 527-536.	http://dx.doi.org/10.1650/0010-5422(2005)107[0527:gvimds]2.0.co;2	7	ot_151	https://tree.opentreeoflife.org/curator/study/view/ot_151
Arshad, Muhammad, Javier Gonzalez, Abdel Aziz El-Sayed, Tim Osborne, Michael Wink. 2009. Phylogeny and phylogeography of critically endangered Gyps species based on nuclear and mitochondrial markers. Journal of Ornithology 150 (2): 419-430.	http://dx.doi.org/10.1007/s10336-008-0359-x	2	pg_2857	https://tree.opentreeoflife.org/curator/study/view/pg_2857
Baker, Allan J., Sergio L Pereira, Tara A Paton. 2007. Phylogenetic relationships and divergence times of Charadriiformes genera: multigene evidence for the Cretaceous origin of at least 14 clades of shorebirds. Biology. Letters 3 (2): 205-210.	https://doi.org/10.1098/rsbl.2006.0606	0	ot_146	https://tree.opentreeoflife.org/curator/study/view/ot_146
Barker, F. K., K. J. Burns, J. Klicka, S. M. Lanyon, I. J. Lovette. 2013. Going to extremes: contrasting rates of diversification in a recent radiation of New World passerine birds. Systematic Biology 62 (2): 298-320.	http://dx.doi.org/10.1093/sysbio/sys094	114	pg_2575	https://tree.opentreeoflife.org/curator/study/view/pg_2575
Barker, F. Keith, Alice Cibois, Peter Schikler, Julie Feinstein, Joel Cracraft. 2004. Phylogeny and diversification of the largest avian radiation. Proceedings of the National Academy of Sciences of the United States of America 101 (30): 11040-11045.	http://dx.doi.org/10.1073/pnas.0401892101	67	pg_2404	https://tree.opentreeoflife.org/curator/study/view/pg_2404
Barker, F. Keith, Kevin J. Burns, John Klicka, Scott M. Lanyon, Irby J. Lovette. 2015. New insights into New World biogeography: An integrated view from the phylogeny of blackbirds, cardinals, sparrows, tanagers, warblers, and allies. The Auk 132 (2): 333-348.	http://dx.doi.org/10.1642/auk-14-110.1	721	ot_770	https://tree.opentreeoflife.org/curator/study/view/ot_770
Barker, F.K. 2014. Mitogenomic data resolve basal relationships among passeriform and passeridan birds. Molecular Phylogenetics and Evolution 79: 313-324.	http://dx.doi.org/10.1016/j.ympev.2014.06.011	65	ot_412	https://tree.opentreeoflife.org/curator/study/view/ot_412
Batista, R., Olsson, U., Andermann, T., Aleixo, A., Ribas, C. C., & Antonelli, A. (2020). Phylogenomics and biogeography of the world’s thrushes (Aves,	http://dx.doi.org/10.1098/rspb.2019.2400	48	ot_2159	https://tree.opentreeoflife.org/curator/study/view/ot_2159
Benz, Brett W., Mark B. Robbins, A. Townsend Peterson. 2006. Evolutionary history of woodpeckers and allies (Aves: Picidae): placing key taxa on the phylogenetic tree. Molecular Phylogenetics and Evolution 40 (2): 389-399.	http://dx.doi.org/10.1016/j.ympev.2006.02.021	29	ot_159	https://tree.opentreeoflife.org/curator/study/view/ot_159
Benz, Brett W., Mark B. Robbins. 2011. Molecular phylogenetics, vocalizations, and species limits in Celeus woodpeckers (Aves: Picidae). Molecular Phylogenetics and Evolution 61 (1): 29-44.	http://dx.doi.org/10.1016/j.ympev.2011.05.001	7	ot_157	https://tree.opentreeoflife.org/curator/study/view/ot_157
Beresford, P., F.K. Barker, P.G. Ryan, T.M. Crowe. 2005. African endemics span the tree of songbirds (Passeri): molecular systematics of several evolutionary 'enigmas'. Proceedings of the Royal Society B: Biological Sciences 272 (1565): 849-858	http://dx.doi.org/10.1098/rspb.2004.2997	52	ot_782	https://tree.opentreeoflife.org/curator/study/view/ot_782
Bertelli, Sara, Ana Luz Porzecanski. 2004. Tinamou (Tinamidae) systematics: a preliminary combined analysis of morphology and molecules. 2004. Ornithologia Neotropical 15: 293-299	https://sora.unm.edu/sites/default/files/journals/on/v015s/p0293-p0300.pdf	39	pg_2876	https://tree.opentreeoflife.org/curator/study/view/pg_2876
Besnard, Guillaume, Joris A. M. Bertrand, Boris Delahaie, Yann X. C. Bourgeois, Emeline Lhuillier, Christophe Thébaud. 2015. Valuing museum specimens: high-throughput DNA sequencing on historical collections of New Guinea crowned pigeons (Goura). Biological Journal of the Linnean Society 117 (1): 71-82	http://dx.doi.org/10.1111/bij.12494	15	ot_655	https://tree.opentreeoflife.org/curator/study/view/ot_655
Blechschmidt, Karin, Hans-Ulrich Peter, Jacobus De Korte, Michael Wink, Ingrid Seibold, Andreas J. Helbig. 1993. Investigations on the molecular systematics of skuas (Stercorariidae). Zool. Jb. Syst. 120: 379-387.	http://www.uni-heidelberg.de/institute/fak14/ipmb/phazb/pubwink/1993/1.%201993.pdf	5	ot_873	https://tree.opentreeoflife.org/curator/study/view/ot_873
Boertmann, D. 1990. Phylogeny of the divers, family Gaviidae (Aves). Steenstrupia 16: 21-36.	https://www.researchgate.net/profile/David-Boertmann/publication/258846478_Phylogeny_of_the_divers_family_Gaviidae_Aves/links/55f6645e08ae7a10cf8b92a8/Phylogeny-of-the-divers-family-Gaviidae-Aves.pdf	3	ot_104	https://tree.opentreeoflife.org/curator/study/view/ot_104
Bonaccorso, Elisa, Juan M. Guayasamin, A. Townsend Peterson, Adolfo G. Navarro-Sigüenza. 2011. Molecular phylogeny and systematics of Neotropical toucanets in the genus Aulacorhynchus (Aves, Ramphastidae). Zoologica Scripta 40 (4): 336-349.	http://dx.doi.org/10.1111/j.1463-6409.2011.00475.x	4	ot_155	https://tree.opentreeoflife.org/curator/study/view/ot_155
Brian Tilston Smith, Robert W. Bryson, William M. Mauck, Jaime Chaves, Mark B. Robbins, Alexandre Aleixo, John Klicka, 2018, 'Species delimitation and biogeography of the gnatcatchers and gnatwrens (Aves: Polioptilidae)', Molecular Phylogenetics and Evolution, vol. 126, pp. 45-57	http://dx.doi.org/10.1016/j.ympev.2018.03.012	16	ot_1286	https://tree.opentreeoflife.org/curator/study/view/ot_1286
Bridge, E. S., Jones, A. W., & Baker, A. J. (2005). A phylogenetic framework for the terns (Sternini) inferred from mtDNA sequences: implications for taxonomy and plumage evolution. Molecular Phylogenetics and Evolution, 35(2), 459–469. doi:10.1016/j.ympev.2004.12.010	http://dx.doi.org/10.1016/j.ympev.2004.12.010	28	ot_1997	https://tree.opentreeoflife.org/curator/study/view/ot_1997
Brumfield, R., & Edwards S. 2007. Evolution into and out of the Andes: a Bayesian analysis of historical diversification in Thamnophilus antshrikes. Evolution 61 (2): 346-367.	http://dx.doi.org/10.1111/j.1558-5646.2007.00039.x	17	pg_2454	https://tree.opentreeoflife.org/curator/study/view/pg_2454
Bruxaux, J., Gabrielli, M., Ashari, H., Prŷs-Jones, R., Joseph, L., Milá, B., Besnard, G., & Thébaud, C. (2018). Recovering the evolutionary history of crowned pigeons (Columbidae: Goura): Implications for the biogeography and conservation of New Guinean lowland birds. Molecular Phylogenetics and Evolution, 120, 248–258. https://doi.org/10.1016/j.ympev.2017.11.022	http://dx.doi.org/10.1016/j.ympev.2017.11.022	4	ot_2184	https://tree.opentreeoflife.org/curator/study/view/ot_2184
Bryson, R. W., Faircloth, B. C., Tsai, W. L. E., McCormack, J. E., & Klicka, J. (2016). Target enrichment of thousands of ultraconserved elements sheds new light on early relationships within New World sparrows (Aves: Passerellidae). The Auk, 133(3), 451–458. https://doi.org/10.1642/auk-16-26.1	http://dx.doi.org/10.1642/auk-16-26.1	16	ot_2084	https://tree.opentreeoflife.org/curator/study/view/ot_2084
Buainain, N., Ferreira, M., Avendaño, J. E., Cadena, C. D., Faircloth, B. C., Brumfield, R. T., Cracraft, J., & Ribas, C. C. (2022). Biogeography of a neotropical songbird radiation reveals similar diversification dynamics between montane and lowland clades. Journal of Biogeography. Portico. https://doi.org/10.1111/jbi.14379	http://dx.doi.org/10.1111/jbi.14379	15	ot_2091	https://tree.opentreeoflife.org/curator/study/view/ot_2091
Burleigh, J. Gordon, Rebecca T. Kimball, Edward L. Braun. 2015. Building the avian tree of life using a large-scale, sparse supermatrix. Molecular Phylogenetics and Evolution 84: 53-63	http://dx.doi.org/10.1016/j.ympev.2014.12.003	3913	ot_521	https://tree.opentreeoflife.org/curator/study/view/ot_521
Burns, Kevin J., Allison J. Shultz, Pascal O. Title, Nicholas A. Mason, F. Keith Barker, John Klicka, Scott M. Lanyon, Irby J. Lovette. 2014. Phylogenetics and diversification of tanagers (Passeriformes: Thraupidae), the largest radiation of Neotropical songbirds. Molecular Phylogenetics and Evolution 75: 41-77.	http://dx.doi.org/10.1016/j.ympev.2014.02.006	316	pg_2829	https://tree.opentreeoflife.org/curator/study/view/pg_2829
Cai, T., Cibois, A., Alström, P., Moyle, R. G., Kennedy, J. D., Shao, S., Zhang, R., Irestedt, M., Ericson, P. G. P., Gelang, M., Qu, Y., Lei, F., & Fjeldså, J. (2019). Near-complete phylogeny and taxonomic revision of the world’s babblers (Aves: Passeriformes). Molecular Phylogenetics and Evolution, 130, 346–356. https://doi.org/10.1016/j.ympev.2018.10.010	http://dx.doi.org/10.1016/j.ympev.2018.10.010	446	ot_2179	https://tree.opentreeoflife.org/curator/study/view/ot_2179
Cai, T., Wu, G., Sun, L., Zhang, Y., Peng, Z., Guo, Y., Liu, X., Pan, T., Chang, J., Sun, Z., & Zhang, B. (2021). Biogeography and diversification of Old World buntings (Aves: Emberizidae): radiation in open habitats. Journal of Avian Biology, 52(6). Portico. https://doi.org/10.1111/jav.02672	http://dx.doi.org/10.1111/jav.02672	44	ot_2082	https://tree.opentreeoflife.org/curator/study/view/ot_2082
Campillo, L. C., Oliveros, C. H., Sheldon, F. H., & Moyle, R. G. (2018). Genomic data resolve gene tree discordance in spiderhunters (Nectariniidae, Arachnothera). Molecular Phylogenetics and Evolution, 120, 151–157. https://doi.org/10.1016/j.ympev.2017.12.011	http://dx.doi.org/10.1016/j.ympev.2017.12.011	14	ot_2173	https://tree.opentreeoflife.org/curator/study/view/ot_2173
Cerasale, David J., Roi Dor, David W. Winkler, Irby J. Lovette. 2012. Phylogeny of the Tachycineta genus of New World swallows: insights from complete mitochondrial genomes. Molecular Phylogenetics and Evolution 63 (1): 64-71.	http://dx.doi.org/10.1016/j.ympev.2011.12.014	7	ot_176	https://tree.opentreeoflife.org/curator/study/view/ot_176
Černý, D., & Natale, R. (2022). Comprehensive taxon sampling and vetted fossils help clarify the time tree of shorebirds (Aves, Charadriiformes). Molecular Phylogenetics and Evolution, 177, 107620. https://doi.org/10.1016/j.ympev.2022.107620	http://dx.doi.org/10.1016/j.ympev.2022.107620	332	ot_2141	https://tree.opentreeoflife.org/curator/study/view/ot_2141
Chambers, GK, Moeke, C, Steel, R, Trueman, JWH. 2009. Phylogenetic analysis of the 24 named albatross taxa based on full mitochondrial cytochrome b DNA sequences. Notornis 56 (2): 82-94.	http://notornis.osnz.org.nz/phylogenetic-analysis-24-named-albatross-taxa-based-full-mitochondrial-cytochrome-b-dna-sequences	12	ot_142	https://tree.opentreeoflife.org/curator/study/view/ot_142
Chaves, Jaime A., José R. Hidalgo, John Klicka. 2013. Biogeography and evolutionary history of the Neotropical genus Saltator (Aves: Thraupini). Journal of Biogeography 40 (11): 2180-2190.	http://dx.doi.org/10.1111/jbi.12150	9	ot_101	https://tree.opentreeoflife.org/curator/study/view/ot_101
Chen, D., Hosner, P. A., Dittmann, D. L., O’Neill, J. P., Birks, S. M., Braun, E. L., & Kimball, R. T. (2021). Divergence time estimation of Galliformes based on the best gene shopping scheme of ultraconserved elements. BMC Ecology and Evolution, 21(1). https://doi.org/10.1186/s12862-021-01935-1	http://dx.doi.org/10.1186/s12862-021-01935-1	118	ot_2072	https://tree.opentreeoflife.org/curator/study/view/ot_2072
Chesser, R. Terry, Carol K. L. Yeung, Cheng-Te Yao, Xiu-Hua Tian, Shou-Hsien Li. 2010. Molecular phylogeny of the spoonbills (Aves: Threskiornithidae) based on mitochondrial DNA. Zootaxa 2603: 53-60.	http://www.mapress.com/zootaxa/2010/f/z02603p060f.pdf	4	pg_2864	https://tree.opentreeoflife.org/curator/study/view/pg_2864
Cibois, Alice, Jean-Claude Thibault, Céline Bonillo, Christopher E. Filardi, Dick Watling, Eric Pasquet. 2014. Phylogeny and biogeography of the fruit doves (Aves: Columbidae). Molecular Phylogenetics and Evolution 70: 442-453.	http://dx.doi.org/10.1016/j.ympev.2013.08.019	26	pg_2850	https://tree.opentreeoflife.org/curator/study/view/pg_2850
Cicero, C., Mason, N. A., Benedict, L., & Rising, J. D. (2020). Behavioral, morphological, and ecological trait evolution in two clades of New World Sparrows (AimophilaandPeucaea, Passerellidae). PeerJ, 8, e9249. Portico. https://doi.org/10.7717/peerj.9249	http://dx.doi.org/10.7717/peerj.9249	34	ot_2152	https://tree.opentreeoflife.org/curator/study/view/ot_2152
Claramunt, Santiago, Joel Cracraft. 2015. A new time tree reveals Earth historys imprint on the evolution of modern birds. Science Advances 1 (11): e1501005-e1501005	http://dx.doi.org/10.1126/sciadv.1501005	138	ot_531	https://tree.opentreeoflife.org/curator/study/view/ot_531
Corl, Ammon, Hans Ellegren. 2013. Sampling strategies for species trees: The effects on phylogenetic inference of the number of genes, number of individuals, and whether loci are mitochondrial, sex-linked, or autosomal. Molecular Phylogenetics and Evolution 67 (2): 358-366	http://dx.doi.org/10.1016/j.ympev.2013.02.002	1	pg_2371	https://tree.opentreeoflife.org/curator/study/view/pg_2371
Dantas, Sidnei M., Jason D. Weckstein, John M. Bates, Niels K. Krabbe, Carlos Daniel Cadena, Mark B. Robbins, Eugenio Valderrama, Alexandre Aleixo. 2016. Molecular systematics of the new world screech-owls (Megascops: Aves, Strigidae): biogeographic and taxonomic implications. Molecular Phylogenetics and Evolution 94: 626-634	http://dx.doi.org/10.1016/j.ympev.2015.09.025	17	ot_533	https://tree.opentreeoflife.org/curator/study/view/ot_533
De Silva, T. N., Peterson, A. T., & Perktas, U. (2019). An extensive molecular phylogeny of weaverbirds (Aves: Ploceidae) unveils broad nonmonophyly of traditional genera and new relationships. The Auk, 136(3). https://doi.org/10.1093/auk/ukz041	http://dx.doi.org/10.1093/auk/ukz041	106	ot_2172	https://tree.opentreeoflife.org/curator/study/view/ot_2172
den Tex, Robert-Jan, Jennifer A. Leonard. 2013. A molecular phylogeny of Asian barbets: speciation and extinction in the tropics. Molecular Phylogenetics and Evolution 68 (1): 1-13.	http://dx.doi.org/10.1016/j.ympev.2013.03.004	30	ot_150	https://tree.opentreeoflife.org/curator/study/view/ot_150
Derryberry, E.P., Claramunt S., Derryberry G.E., Chesser R.T., Cracraft J., Aleixo A., Perez-eman J., Remsen J., and Brumfield R. 2011. Lineage diversification and morphological evolution in a large-scale continental radiation: the Neotropical ovenbirds and woodcreepers (Aves: Furnariidae). Evolution 65 (10): 2973-2986.	http://dx.doi.org/10.1111/j.1558-5646.2011.01374.x	196	pg_1953	https://tree.opentreeoflife.org/curator/study/view/pg_1953
Donne-Goussé, Carole, Vincent Laudet, Catherine Hänni. 2002. A molecular phylogeny of anseriformes based on mitochondrial DNA analysis. Molecular Phylogenetics and Evolution 23 (3): 339-356	http://dx.doi.org/10.1016/s1055-7903(02)00019-2	13	ot_1022	https://tree.opentreeoflife.org/curator/study/view/ot_1022
Dor, Roi, Rebecca J. Safran, Frederick H. Sheldon, David W. Winkler, Irby J. Lovette. 2010. Phylogeny of the genus Hirundo and the Barn Swallow subspecies complex. Molecular Phylogenetics and Evolution 56 (1): 409-418.	http://dx.doi.org/10.1016/j.ympev.2010.02.008	12	ot_177	https://tree.opentreeoflife.org/curator/study/view/ot_177
Dos Remedios, Natalie, Patricia L.M. Lee, Terry Burke, Tamás Székely, Clemens Küpper. 2015. North or south? Phylogenetic and biogeographic origins of a globally distributed avian clade. Molecular Phylogenetics and Evolution 89:151-159.	http://dx.doi.org/10.1016/j.ympev.2015.04.010	21	ot_289	https://tree.opentreeoflife.org/curator/study/view/ot_289
Dufort, Matthew J. 2015. An augmented supermatrix phylogeny of the avian family Picidae reveals uncertainty deep in the family tree. Molecular Phylogenetics and Evolution	http://dx.doi.org/10.1016/j.ympev.2015.08.025	127	ot_504	https://tree.opentreeoflife.org/curator/study/view/ot_504
Dumbacher, J. P., Deiner, K., Thompson, L., & Fleischer, R. C. (2008). Phylogeny of the avian genus Pitohui and the evolution of toxicity in birds. Molecular Phylogenetics and Evolution, 49(3), 774-781.	http://dx.doi.org/10.1016/j.ympev.2008.09.018	4	ot_869	https://tree.opentreeoflife.org/curator/study/view/ot_869
Dumbacher, J., Pratt, T.K., Fleischer, R.C. 2003. Phylogeny of the owlet-nightjars (Aves: Aegothelidae) based on mitochondrial DNA sequence. Molecular Phylogenetics and Evolution 29 (3): 540-549.	http://dx.doi.org/10.1016/s1055-7903(03)00135-0	4	ot_123	https://tree.opentreeoflife.org/curator/study/view/ot_123
eBird Taxonomy draft, 2021	https://ebird.org/science/use-ebird-data/the-ebird-taxonomy	12	ot_2019	https://tree.opentreeoflife.org/curator/study/view/ot_2019
Scholes, Edwin III, 2008, 'Evolution of the courtship phenotype in the bird of paradise genus Parotia (Aves: Paradisaeidae): homology, phylogeny, and modularity', Biological Journal of the Linnean Society, vol. 94, no. 3, pp. 491-504	https://doi.org/10.1111/j.1095-8312.2008.01012.x	0	ot_823	https://tree.opentreeoflife.org/curator/study/view/ot_823
Ericson, P. G. P., Irestedt, M., Nylander, J. A. A., Christidis, L., Joseph, L., & Qu, Y. (2020). Parallel Evolution of Bower-Building Behavior in Two Groups of Bowerbirds Suggested by Phylogenomics. Systematic Biology, 69(5), 820–829. https://doi.org/10.1093/sysbio/syaa040	http://dx.doi.org/10.1093/sysbio/syaa040	19	ot_2104	https://tree.opentreeoflife.org/curator/study/view/ot_2104
Ericson, Per GP, Seraina Klopfstein, Martin Irestedt, Jacqueline MT Nguyen and Johan AA Nylander. 2014. Dating the diversification of the major lineages of Passeriformes (Aves). BMC Evolutionary Biology, 14(8).	http://dx.doi.org/10.1186/1471-2148-14-8	23	ot_757	https://tree.opentreeoflife.org/curator/study/view/ot_757
Fain, M., Krajewski C., & Houde P. 2007. Phylogeny of core Gruiformes (Aves: Grues) and resolution of the Limpkin-Sungrebe problem. Molecular Phylogenetics and Evolution 43 (2): 515-529.	http://dx.doi.org/10.1016/j.ympev.2007.02.015	12	pg_1872	https://tree.opentreeoflife.org/curator/study/view/pg_1872
Friederike Woog, Michael Wink, Eskandar Rastegar-Pouyani, Javier Gonzalez, Barbara Helm, 2008, 'Distinct taxonomic position of the Madagascar stonechat (Saxicola torquatus sibilla) revealed by nucleotide sequences of mitochondrial DNA', Journal of Ornithology, vol. 149, no. 3, pp. 423-430	http://dx.doi.org/10.1007/s10336-008-0290-1	1	ot_822	https://tree.opentreeoflife.org/curator/study/view/ot_822
Fuchs, J., Johnson, J. A., & Mindell, D. P. (2015). Rapid diversification of falcons (Aves: Falconidae) due to expansion of open habitats in the Late Miocene. Molecular Phylogenetics and Evolution, 82, 166–182. https://doi.org/10.1016/j.ympev.2014.08.010	http://dx.doi.org/10.1016/j.ympev.2014.08.010	61	ot_2090	https://tree.opentreeoflife.org/curator/study/view/ot_2090
Fuchs, Jérôme, Jan I. Ohlson, Per G. P. Ericson, Eric Pasquet. 2007. Synchronous intercontinental splits between assemblages of woodpeckers suggested by molecular data. Zoologica Scripta 36 (1): 11-25	http://dx.doi.org/10.1111/j.1463-6409.2006.00267.x	30	ot_794	https://tree.opentreeoflife.org/curator/study/view/ot_794
Fuchs, Jérôme, Jeff A. Johnson, David P. Mindell. 2012. Molecular systematics of the caracaras and allies (Falconidae: Polyborinae) inferred from mitochondrial and nuclear sequence data. Ibis 154 (3): 520-532.	http://dx.doi.org/10.1111/j.1474-919X.2012.01222.x	14	pg_2871	https://tree.opentreeoflife.org/curator/study/view/pg_2871
Fuchs, Jérôme, Steven Chen, Jeff A. Johnson, David P. Mindell. 2011. Pliocene diversification within the South American forest falcons (Falconidae: Micrastur). Molecular Phylogenetics and Evolution 60 (3): 398-407.	http://dx.doi.org/10.1016/j.ympev.2011.05.008	9	pg_2870	https://tree.opentreeoflife.org/curator/study/view/pg_2870
Fulton, T. L., B. Letts, B. Shapiro. 2012. Multiple losses of flight and recent speciation in steamer ducks. Proceedings of the Royal Society B: Biological Sciences 279 (1737): 2339-2346.	http://dx.doi.org/10.1098/rspb.2011.2599	80	pg_2860	https://tree.opentreeoflife.org/curator/study/view/pg_2860
García-Deras, Gabriela M., Nandadevi Cortés-Rodríguez, Magali Honey, Adolfo G. Navarro-sigüenza, Jaime García-Moreno, Blanca E. Hernández-Baños. 2008. Phylogenetic relationships within the genus Cynanthus (Aves: Trochilidae), with emphasis on C. doubledayi. Zootaxa 1742: 61-68.	http://www.mapress.com/zootaxa/2008/f/zt01742p068.pdf	0	pg_2865	https://tree.opentreeoflife.org/curator/study/view/pg_2865
Garcia-R, J. C., Lemmon, E. M., Lemmon, A. R., & French, N. (2020). Phylogenomic Reconstruction Sheds Light on New Relationships and Timescale of Rails (Aves: Rallidae) Evolution. Diversity, 12(2), 70. https://doi.org/10.3390/d12020070	http://dx.doi.org/10.3390/d12020070	41	ot_2160	https://tree.opentreeoflife.org/curator/study/view/ot_2160
García–R, Juan C., Gillian C. Gibb, Steve A. Trewick. 2014. Eocene diversification of crown group rails (Aves: Gruiformes: Rallidae). PLoS ONE 9 (10): e109635	http://dx.doi.org/10.1371/journal.pone.0109635	9	ot_415	https://tree.opentreeoflife.org/curator/study/view/ot_415
Gavryushkina, Alexandra, Tracy A. Heath, Daniel T. Ksepka, Tanja Stadler, David Welch, Alexei J. Drummond. 2016. Bayesian Total-Evidence Dating Reveals the Recent Crown Radiation of Penguins. Systematic Biology, p. syw060	http://dx.doi.org/10.1093/sysbio/syw060	14	ot_806	https://tree.opentreeoflife.org/curator/study/view/ot_806
Gibb, G. C., & Shepherd, L. D. (2022). Recent evolution of extreme sexual dimorphism in the huia (Heteralocha acutirostris; Callaeidae). Molecular Phylogenetics and Evolution, 175, 107575. https://doi.org/10.1016/j.ympev.2022.107575	http://dx.doi.org/10.1016/j.ympev.2022.107575	31	ot_2146	https://tree.opentreeoflife.org/curator/study/view/ot_2146
Gibb, Gillian C., Ryan England, Gerrit Hartig, P.A. (Trish) McLenachan, Briar L. Taylor Smith, Bennet J. McComish, Alan Cooper, David Penny. 2015. New Zealand passerines help clarify the diversification of major songbird lineages during the Oligocene. Genome Biology and Evolution 7 (11): 2983-2995.	http://dx.doi.org/10.1093/gbe/evv196	40	ot_532	https://tree.opentreeoflife.org/curator/study/view/ot_532
Gibson, Rosemary, Allan Baker. 2012. Multiple gene sequences resolve phylogenetic relationships in the shorebird suborder Scolopaci (Aves: Charadriiformes). Molecular Phylogenetics and Evolution 64 (1): 66-72	http://dx.doi.org/10.1016/j.ympev.2012.03.008	60	ot_816	https://tree.opentreeoflife.org/curator/study/view/ot_816
Gonzalez, J., H. Düttmann, M. Wink. 2009. Phylogenetic relationships based on two mitochondrial genes and hybridization patterns in Anatidae. Journal of Zoology 279 (3): 310-318.	http://dx.doi.org/10.1111/j.1469-7998.2009.00622.x	73	pg_2866	https://tree.opentreeoflife.org/curator/study/view/pg_2866
Gonzalez, Juan-Carlos T., Ben C. Sheldon, Nigel J. Collar, Joseph A. Tobias. 2013. A comprehensive molecular phylogeny for the hornbills (Aves: Bucerotidae). Molecular Phylogenetics and Evolution 67 (2): 468-483.	http://dx.doi.org/10.1016/j.ympev.2013.02.012	59	pg_2869	https://tree.opentreeoflife.org/curator/study/view/pg_2869
Han, Kin-Lan, Mark B. Robbins, Michael J. Braun. 2010. A multi-gene estimate of phylogeny in the nightjars and nighthawks (Caprimulgidae). Molecular Phylogenetics and Evolution 55 (2): 443-453.	http://dx.doi.org/10.1016/j.ympev.2010.01.023	44	pg_2872	https://tree.opentreeoflife.org/curator/study/view/pg_2872
Harris, R.B., M.D. Carling, I.J. Lovette. 2014. The influence of sampling design on species tree inference: a new relationship for the New World chickadees (Aves: Poecile). Evolution 68 (2): 501-513.	http://dx.doi.org/10.1111/evo.12280	5	ot_173	https://tree.opentreeoflife.org/curator/study/view/ot_173
Harris, Rebecca B., Sharon M. Birks, Adam D. Leaché. 2014. Incubator birds: biogeographical origins and evolution of underground nesting in megapodes (Galliformes: Megapodiidae). Journal of Biogeography doi: 10.1111/jbi.12357	http://dx.doi.org/10.1111/jbi.12357	18	ot_118	https://tree.opentreeoflife.org/curator/study/view/ot_118
Harvey, M. G., Bravo, G. A., Claramunt, S., Cuervo, A. M., Derryberry, G. E., Battilana, J., … Derryberry, E. P. (2020). The evolution of a tropical biodiversity hotspot. Science, 370(6522), 1343–1348. doi:10.1126/science.aaz6970	http://dx.doi.org/10.1126/science.aaz6970	1210	ot_2015	https://tree.opentreeoflife.org/curator/study/view/ot_2015
Hooper, Daniel M., Urban Olsson, Per Alström. 2016. The Rusty-tailed Flycatcher (Muscicapa ruficauda; Aves: Muscicapidae) is a member of the genus Ficedula. Molecular Phylogenetics and Evolution 102: 56-61	http://dx.doi.org/10.1016/j.ympev.2016.05.036	26	ot_749	https://tree.opentreeoflife.org/curator/study/view/ot_749
Hosner, P. A., Braun, E. L., & Kimball, R. T. (2016). Rapid and recent diversification of curassows, guans, and chachalacas (Galliformes: Cracidae) out of Mesoamerica: Phylogeny inferred from mitochondrial, intron, and ultraconserved element sequences. Molecular Phylogenetics and Evolution, 102, 320–330. https://doi.org/10.1016/j.ympev.2016.06.006	http://dx.doi.org/10.1016/j.ympev.2016.06.006	51	ot_2170	https://tree.opentreeoflife.org/curator/study/view/ot_2170
Hosner, Peter A. Brant C. Faircloth, Travis C. Glenn, Edward L. Braun, Rebecca T. Kimball. 2015. Avoiding missing data biases in phylogenomic inference: an empirical study in the landfowl (Aves: Galliformes). Molecular Biology and Evolution 33 (4): 1110-1125	http://dx.doi.org/10.1093/molbev/msv347	69	ot_1002	https://tree.opentreeoflife.org/curator/study/view/ot_1002
Hosner, Peter A. Brant C. Faircloth, Travis C. Glenn, Edward L. Braun, Rebecca T. Kimball. 2015. Avoiding missing data biases in phylogenomic inference: an empirical study in the landfowl (Aves: Galliformes). Molecular Biology and Evolution 33 (4): 1110-1125	https://doi.org/10.1093/molbev/msv347	0	ot_1002	https://tree.opentreeoflife.org/curator/study/view/ot_1002
Hruska, J. P., Holmes, J., Oliveros, C., Shakya, S., Lavretsky, P., McCracken, K. G., Sheldon, F. H., & Moyle, R. G. (2023). Ultraconserved elements resolve the phylogeny and corroborate patterns of molecular rate variation in herons (Aves: Ardeidae). Ornithology. https://doi.org/10.1093/ornithology/ukad005	http://dx.doi.org/10.1093/ornithology/ukad005	43	ot_2221	https://tree.opentreeoflife.org/curator/study/view/ot_2221
Hugall, Andrew F., Devi Stuart-Fox. 2012. Accelerated speciation in colour-polymorphic birds. Nature 485 (7400): 631-634.	http://dx.doi.org/10.1038/nature11050	79	ot_116	https://tree.opentreeoflife.org/curator/study/view/ot_116
Imfeld, Barker, Brumfield, Mitochondrial genomes and thousands of ultraconserved elements resolve the taxonomy and historical biogeography of the Euphonia and Chlorophonia finches (Passeriformes: Fringillidae), The Auk, Volume 137, Issue 3, 1 July 2020, ukaa016, 	https://doi.org/10.1093/auk/ukaa016	29	ot_2080	https://tree.opentreeoflife.org/curator/study/view/ot_2080
Irby J. Lovette, Brynn V. McCleery, Amanda L. Talaba, Dustin R. Rubenstein, 2008, 'A complete species-level molecular phylogeny for the “Eurasian” starlings (Sturnidae: Sturnus, Acridotheres, and allies): Recent diversification in a highly social and dispersive avian group', Molecular Phylogenetics and Evolution, vol. 47, no. 1, pp. 251-260	http://dx.doi.org/10.1016/j.ympev.2008.01.020	16	ot_848	https://tree.opentreeoflife.org/curator/study/view/ot_848
Irestedt, Martin, Knud A Jønsson, Jon Fjeldså, Les Christidis, Per GP Ericson. 2009. An unexpectedly long history of sexual selection in birds-of-paradise. BMC Evolutionary Biology 9 (1): 235	http://dx.doi.org/10.1186/1471-2148-9-235	33	ot_763	https://tree.opentreeoflife.org/curator/study/view/ot_763
Javier Gonzalez, Michael Wink, 2008, 'Phylogenetic position of the monotypic Des Murs’ Wiretail (Sylviorthorhynchus desmursii, Aves: Furnariidae) based on mitochondrial and nuclear DNA', Journal of Ornithology, vol. 149, no. 3, pp. 393-398	http://dx.doi.org/10.1007/s10336-007-0251-0	13	ot_866	https://tree.opentreeoflife.org/curator/study/view/ot_866
Jérôme Fuchs, Jean-Marc Pons, Steven M Goodman, Vincent Bretagnolle, Martim Melo, Rauri CK Bowie, David Currie, Roger Safford, Munir Z Virani, Simon Thomsett, Alawi Hija, Corinne Cruaud, Eric Pasquet, 2008, 'Tracing the colonization history of the Indian Ocean scops-owls (Strigiformes: Otus) with further insight into the spatio-temporal origin of the Malagasy avifauna', BMC Evolutionary Biology, vol. 8, no. 1, p. 197	http://dx.doi.org/10.1186/1471-2148-8-197	17	ot_867	https://tree.opentreeoflife.org/curator/study/view/ot_867
Jetz, W., G. H. Thomas, J. B. Joy, K. Hartmann, A. O. Mooers. 2012. The global diversity of birds in space and time. Nature 491 (7424): 444-448	http://dx.doi.org/10.1038/nature11631	3996	ot_809	https://tree.opentreeoflife.org/curator/study/view/ot_809
Jha, A., Seneviratne, S., Prayag, H. S., & Vasudevan, K. (2021). Phylogeny identifies multiple colonisation events and Miocene aridification as drivers of South Asian bulbul (Passeriformes: Pycnonotidae) diversification. Organisms Diversity & Evolution, 21(4), 783–794. https://doi.org/10.1007/s13127-021-00506-y	http://dx.doi.org/10.1007/s13127-021-00506-y	73	ot_2231	https://tree.opentreeoflife.org/curator/study/view/ot_2231
Johansson, Ulf S., Jan Ekman, Rauri C.K. Bowie, Peter Halvarsson, Jan I. Ohlson, Trevor D. Price, Per G.P. Ericson. 2013. A complete multilocus species phylogeny of the tits and chickadees (Aves: Paridae). Molecular Phylogenetics and Evolution 69 (3): 852-860.	http://dx.doi.org/10.1016/j.ympev.2013.06.019	45	pg_2600	https://tree.opentreeoflife.org/curator/study/view/pg_2600
Johnson, Jeff A., Joseph W. Brown, Jérôme Fuchs, David P. Mindell, 2016, 'Multi-locus phylogenetic inference among New World Vultures (Aves: Cathartidae)', Molecular Phylogenetics and Evolution, vol. 105, pp. 193-199	http://dx.doi.org/10.1016/j.ympev.2016.08.025	5	ot_812	https://tree.opentreeoflife.org/curator/study/view/ot_812
Johnson, K. P., Weckstein, J. D., Virrueta Herrera, S., & Doña, J. (2021). The interplay between host biogeography and phylogeny in structuring diversification of the feather louse genus Penenirmus. Molecular Phylogenetics and Evolution, 165, 107297. https://doi.org/10.1016/j.ympev.2021.107297	http://dx.doi.org/10.1016/j.ympev.2021.107297	2	ot_2181	https://tree.opentreeoflife.org/curator/study/view/ot_2181
Johnson, O., Howard, J. T., & Brumfield, R. T. (2021). Systematics of a Neotropical clade of dead-leaf-foraging antwrens (Aves: Thamnophilidae; Epinecrophylla). Molecular Phylogenetics and Evolution, 154, 106962. https://doi.org/10.1016/j.ympev.2020.106962	http://dx.doi.org/10.1016/j.ympev.2020.106962	8	ot_2074	https://tree.opentreeoflife.org/curator/study/view/ot_2074
Jønsson, Knud A., Rauri C. K. Bowie, Robert G. Moyle, Martin Irestedt, Les Christidis, Janette A. Norman, Jon Fjeldså. 2010. Phylogeny and biogeography of Oriolidae (Aves: Passeriformes). Ecography 33 (2): 232-241.	http://dx.doi.org/10.1111/j.1600-0587.2010.06167.x	21	pg_2875	https://tree.opentreeoflife.org/curator/study/view/pg_2875
Jønsson, Knud Andreas, Pierre-Henri Fabre, Jonathan D. Kennedy, Ben G. Holt, Michael K. Borregaard, Carsten Rahbek, Jon Fjeldså. 2016. A supermatrix phylogeny of corvoid passerine birds (Aves: Corvides). Molecular Phylogenetics and Evolution 94: 87-94.	http://dx.doi.org/10.1016/j.ympev.2015.08.020	492	ot_520	https://tree.opentreeoflife.org/curator/study/view/ot_520
Joseph, Leo, Alicia Toon, Erin E. Schirtzinger, Timothy F. Wright. 2011. Molecular systematics of two enigmatic genera Psittacella and Pezoporus illuminate the ecological radiation of Australo-Papuan parrots (Aves: Psittaciformes). Molecular Phylogenetics and Evolution 59 (3): 675-684.	http://dx.doi.org/10.1016/j.ympev.2011.03.017	30	pg_2806	https://tree.opentreeoflife.org/curator/study/view/pg_2806
Juan Carlos Illera, David S. Richardson, Barbara Helm, Juan Carlos Atienza, Brent C. Emerson, 2008, 'Phylogenetic relationships, biogeography and speciation in the avian genus Saxicola', Molecular Phylogenetics and Evolution, vol. 48, no. 3, pp. 1145-1154	http://dx.doi.org/10.1016/j.ympev.2008.05.016	3	ot_856	https://tree.opentreeoflife.org/curator/study/view/ot_856
JULIE FEINSTEIN, XIAOJUN YANG, SHOU-HSIEN LI, 2007, 'Molecular systematics and historical biogeography of the Black-browed Barbet species complex (Megalaima oorti)', Ibis, vol. 150, no. 1, pp. 40-49	http://dx.doi.org/10.1111/j.1474-919x.2007.00732.x	1	ot_870	https://tree.opentreeoflife.org/curator/study/view/ot_870
Kennedy, J. D., Marki, P. Z., Reeve, A. H., Blom, M. P. K., Prawiradilaga, D. M., Haryoko, T., Koane, B., Kamminga, P., Irestedt, M., Jønsson, K. A., & Sheard, C. (2022). Diversification and community assembly of the world’s largest tropical island. Global Ecology and Biogeography. Portico. https://doi.org/10.1111/geb.13484	http://dx.doi.org/10.1111/geb.13484	226	ot_2079	https://tree.opentreeoflife.org/curator/study/view/ot_2079
Kennedy, M.,  S.A. Taylor, P. Nádvorník, H. Spencer. 2013. The phylogenetic relationships of the extant pelicans inferred from DNA sequence data. Molecular Phylogenetics and Evolution 66 (1): 215-222.	http://dx.doi.org/10.1016/j.ympev.2012.09.034	6	pg_1764	https://tree.opentreeoflife.org/curator/study/view/pg_1764
Kennedy, M., Seneviratne, S. S., Mendis, U. K., & Spencer, H. G. (2019). Sorting out the Snakebirds: The species status, phylogeny, and biogeography of the Darters (Aves: Anhingidae). Journal of Zoological Systematics and Evolutionary Research, 57(4), 892–899. Portico. https://doi.org/10.1111/jzs.12299	http://dx.doi.org/10.1111/jzs.12299	2	ot_2150	https://tree.opentreeoflife.org/curator/study/view/ot_2150
Kennedy, Martyn, Hamish G. Spencer. 2014. Classification of the cormorants of the world. Molecular Phylogenetics and Evolution 79: 249-257.	http://dx.doi.org/10.1016/j.ympev.2014.06.020	33	ot_140	https://tree.opentreeoflife.org/curator/study/view/ot_140
Kimball, R. T., Oliveros, C. H., Wang, N., White, N. D., Barker, F. K., Field, D. J., … Braun, E. L. (2019). A Phylogenomic Supertree of Birds. Diversity, 11(7), 109. doi:10.3390/d11070109	http://dx.doi.org/10.3390/d11070109	460	ot_2018	https://tree.opentreeoflife.org/curator/study/view/ot_2018
Kimball, Rebecca T., Colette M. St. Mary, Edward L. Braun. 2011. A macroevolutionary perspective on multiple sexual traits in the Phasianidae (Galliformes). International Journal of Evolutionary Biology 2011: 1-16.	http://dx.doi.org/10.4061/2011/423938	111	pg_2804	https://tree.opentreeoflife.org/curator/study/view/pg_2804
Kirchman, J. J., McInerney, N. R., Giarla, T. C., Olson, S. L., Slikas, E., & Fleischer, R. C. (2021). Corrigendum to: Phylogeny based on ultra-conserved elements clarifies the evolution of rails and allies (Ralloidea) and is the basis for a revised classification. Ornithology, 139(1). https://doi.org/10.1093/ornithology/ukab065	http://dx.doi.org/10.1093/ornithology/ukab065	120	ot_2097	https://tree.opentreeoflife.org/curator/study/view/ot_2097
Klicka, John, F. Keith Barker, Kevin J. Burns, Scott M. Lanyon, Irby J. Lovette, Jaime A. Chaves, Robert W. Bryson. 2014. A comprehensive multilocus assessment of sparrow (Aves: Passerellidae) relationships. Molecular Phylogenetics and Evolution 77: 177–182.	http://dx.doi.org/10.1016/j.ympev.2014.04.025	94	pg_2924	https://tree.opentreeoflife.org/curator/study/view/pg_2924
Knud A. Jønsson, Rauri C. K. Bowie, Robert G. Moyle, Les Christidis, Christopher E. Filardi, Janette A. Norman, Jon Fjeldså, 2008, ' Molecular phylogenetics and diversification within one of the most geographically variable bird species complexes Pachycephala pectoralis / melanura ', Journal of Avian Biology, vol. 39, no. 5, pp. 473-478	https://doi.org/10.1111/j.0908-8857.2008.04486.x	0	ot_853	https://tree.opentreeoflife.org/curator/study/view/ot_853
Krajewski, Carey, Justin T. Sipiorski, Frank E. Anderson. 2010. Complete mitochondrial genome sequences and the phylogeny of cranes (Gruiformes: Gruidae). The Auk 127 (2): 440-452.	http://dx.doi.org/10.1525/auk.2009.09045	13	ot_126	https://tree.opentreeoflife.org/curator/study/view/ot_126
Ksepka D., Fordyce R., Ando Y., & Jones C.M. 2012. New fossil penguins (Aves, Sphenisciformes) from the Oligocene of New Zealand reveal the skeletal plan of stem penguins. Journal of Vertebrate Paleontology, 32(2): 235-254.	http://dx.doi.org/10.1080/02724634.2012.652051	12	ot_786	https://tree.opentreeoflife.org/curator/study/view/ot_786
Lapiedra, O., Sayol, F., Garcia-Porta, J., & Sol, D. (2021). Niche shifts after island colonization spurred adaptive diversification and speciation in a cosmopolitan bird clade. Proceedings of the Royal Society B: Biological Sciences, 288(1958), 20211022. https://doi.org/10.1098/rspb.2021.1022	http://dx.doi.org/10.1098/rspb.2021.1022	208	ot_2228	https://tree.opentreeoflife.org/curator/study/view/ot_2228
Lecroy, Mary, F. Keith Barker. 2006. New species of bush-warbler from Bougainville Island and a monophyletic origin for southwest Pacific Cettia. American Museum Novitates 3511: 1-20.	http://dx.doi.org/10.1206/0003-0082(2006)3511[1:ANSOBF]2.0.CO;2	2	pg_2105	https://tree.opentreeoflife.org/curator/study/view/pg_2105
Lee, J.Y., Joseph L., & Edwards S. 2011. A species tree for the Australo-Papuan fairy-wrens and allies (Aves: Maluridae). Systematic Biology 61 (2): 253-271.	http://dx.doi.org/10.1093/sysbio/syr101	18	pg_1966	https://tree.opentreeoflife.org/curator/study/view/pg_1966
Lerner, H., M. Klaver, D. Mindell. 2008. Molecular phylogenetics of the Buteonine birds of prey (Accipitridae). The Auk 125 (2): 304-315.	http://dx.doi.org/10.1525/auk.2008.06161	29	pg_1887	https://tree.opentreeoflife.org/curator/study/view/pg_1887
Lerner, Heather R.L., Matthias Meyer, Helen F. James, Michael Hofreiter, Robert C. Fleischer. 2011. Multilocus Resolution of phylogeny and timescale in the extant adaptive radiation of Hawaiian honeycreepers. Current Biology 21 (21): 1838-1844.	http://dx.doi.org/10.1016/j.cub.2011.09.039	9	ot_113	https://tree.opentreeoflife.org/curator/study/view/ot_113
Liu, B., Alström, P., Olsson, U., Fjeldså, J., Quan, Q., Roselaar, K. C. S., Saitoh, T., Yao, C., Hao, Y., Wang, W., Qu, Y., & Lei, F. (2017). Explosive radiation and spatial expansion across the cold environments of the Old World in an avian family. Ecology and Evolution, 7(16), 6346–6357. Portico. https://doi.org/10.1002/ece3.3136	http://dx.doi.org/10.1002/ece3.3136	8	ot_2148	https://tree.opentreeoflife.org/curator/study/view/ot_2148
Lovette, Irby J., Brian S. Arbogast, Robert L. Curry, Robert M. Zink, Carlos A. Botero, John P. Sullivan, Amanda L. Talaba, Rebecca B. Harris, Dustin R. Rubenstein, Robert E. Ricklefs, Eldredge Bermingham. 2012. Phylogenetic relationships of the mockingbirds and thrashers (Aves: Mimidae). Molecular Phylogenetics and Evolution 63 (2): 219-229.	http://dx.doi.org/10.1016/j.ympev.2011.07.009	29	ot_179	https://tree.opentreeoflife.org/curator/study/view/ot_179
Lovette, Irby J., Dustin R. Rubenstein. 2007. A comprehensive molecular phylogeny of the starlings (Aves: Sturnidae) and mockingbirds (Aves: Mimidae): congruent mtDNA and nuclear trees for a cosmopolitan avian radiation. Molecular Phylogenetics and Evolution 44 (3): 1031-1056.	http://dx.doi.org/10.1016/j.ympev.2007.03.017	91	ot_180	https://tree.opentreeoflife.org/curator/study/view/ot_180
Lovette, Irby J., Jorge L. Pérez-Emán, John P. Sullivan, Richard C. Banks, Isabella Fiorentino, Sergio Córdoba-Córdoba, María Echeverry-Galvis, F. Keith Barker, Kevin J. Burns, John Klicka, Scott M. Lanyon, Eldredge Bermingham. 2010. A comprehensive multilocus phylogeny for the wood-warblers and a revised classification of the Parulidae (Aves). Molecular Phylogenetics and Evolution 57 (2): 753-770.	http://dx.doi.org/10.1016/j.ympev.2010.07.018	94	pg_2591	https://tree.opentreeoflife.org/curator/study/view/pg_2591
Lutz, Holly L., Jason D. Weckstein, José S.L. Patané, John M. Bates, Alexandre Aleixo. 2013. Biogeography and spatio-temporal diversification of Selenidera and Andigena Toucans (Aves: Ramphastidae). Molecular Phylogenetics and Evolution 69 (3): 873-883.	http://dx.doi.org/10.1016/j.ympev.2013.06.017	8	ot_154	https://tree.opentreeoflife.org/curator/study/view/ot_154
Manegold, 2008, 'Composition and phylogenetic affinities of vangas (Vangidae, Oscines, Passeriformes) based on morphological characters', Journal of Zoological Systematics and Evolutionary Research, vol. 46, no. 3, pp. 267-277	http://dx.doi.org/10.1111/j.1439-0469.2008.00458.x	3	ot_847	https://tree.opentreeoflife.org/curator/study/view/ot_847
Mann, Nigel I., F. Keith Barker, Jeff A. Graves, Kimberly A. Dingess-Mann, Peter J.B. Slater. 2006. Molecular data delineate four genera of “Thryothorus” wrens. Molecular Phylogenetics and Evolution 40 (3): 750-759	http://dx.doi.org/10.1016/j.ympev.2006.04.014	32	pg_1854	https://tree.opentreeoflife.org/curator/study/view/pg_1854
Marki, Petter Z., Knud A. Jønsson, Martin Irestedt, Jacqueline M.T. Nguyen, Carsten Rahbek, Jon Fjeldså. 2017. Supermatrix phylogeny and biogeography of the Australasian Meliphagides radiation (Aves: Passeriformes). Molecular Phylogenetics and Evolution 107: 516-529	http://dx.doi.org/10.1016/j.ympev.2016.12.021	225	ot_1043	https://tree.opentreeoflife.org/curator/study/view/ot_1043
Marks, Ben D., Jason D. Weckstein, Robert G. Moyle. 2007. Molecular phylogenetics of the bee-eaters (Aves: Meropidae) based on nuclear and mitochondrial DNA sequence data. Molecular Phylogenetics and Evolution 45 (1): 23-32.	http://dx.doi.org/10.1016/j.ympev.2007.07.004	18	ot_148	https://tree.opentreeoflife.org/curator/study/view/ot_148
MARTIM MELO, JÉRÔME FUCHS, 2008, 'Phylogenetic relationships of the Gulf of Guinea Alcedo kingfishers', Ibis, vol. 150, no. 3, pp. 633-639	http://dx.doi.org/10.1111/j.1474-919x.2008.00826.x	3	ot_846	https://tree.opentreeoflife.org/curator/study/view/ot_846
Martin Irestedt, Jérôme Fuchs, Knud A. Jønsson, Jan I. Ohlson, Eric Pasquet, Per G.P. Ericson, 2008, 'The systematic affinity of the enigmatic Lamprolia victoriae (Aves: Passeriformes)—An example of avian dispersal between New Guinea and Fiji over Miocene intermittent land bridges?', Molecular Phylogenetics and Evolution, vol. 48, no. 3, pp. 1218-1222	http://dx.doi.org/10.1016/j.ympev.2008.05.038	13	ot_855	https://tree.opentreeoflife.org/curator/study/view/ot_855
McCullough, J. M., Joseph, L., Moyle, R. G., & Andersen, M. J. (2019). Ultraconserved elements put the final nail in the coffin of traditional use of the genus	 https://doi.org/10.1111/zsc.12350	9	ot_2155	https://tree.opentreeoflife.org/curator/study/view/ot_2155
McCullough, J. M., Moyle, R. G., Smith, B. T., & Andersen, M. J. (2019). A Laurasian origin for a pantropical bird radiation is supported by genomic and fossil data (Aves: Coraciiformes). Proceedings of the Royal Society B: Biological Sciences, 286(1910), 20190122. https://doi.org/10.1098/rspb.2019.0122	http://dx.doi.org/10.1098/rspb.2019.0122	174	ot_2154	https://tree.opentreeoflife.org/curator/study/view/ot_2154
McCullough, J. M., Oliveros, C. H., Benz, B. W., Zenil-Ferguson, R., Cracraft, J., Moyle, R. G., & Andersen, M. J. (2022). Wallacean and Melanesian Islands Promote Higher Rates of Diversification within the Global Passerine Radiation Corvides. Systematic Biology. https://doi.org/10.1093/sysbio/syac044	http://dx.doi.org/10.1093/sysbio/syac044	693	ot_2158	https://tree.opentreeoflife.org/curator/study/view/ot_2158
McGuire, Jimmy A., Christopher C. Witt, J.V. Remsen, Ammon Corl, Daniel L. Rabosky, Douglas L. Altshuler, Robert Dudley. 2014. Molecular phylogenetics and the diversification of hummingbirds. Current Biology 24 (8): 910-916.	http://dx.doi.org/10.1016/j.cub.2014.03.016	276	pg_2853	https://tree.opentreeoflife.org/curator/study/view/pg_2853
Milá, B., Bruxaux, J., Friis, G., Sam, K., Ashari, H., & Thébaud, C. (2021). A new, undescribed species of	http://dx.doi.org/10.1111/ibi.12981	4	ot_2153	https://tree.opentreeoflife.org/curator/study/view/ot_2153
Mitchell, K. J., B. Llamas, J. Soubrier, N. J. Rawlence, T. H. Worthy, J. Wood, M. S. Y. Lee, A. Cooper. 2014. Ancient DNA reveals elephant birds and kiwi are sister taxa and clarifies ratite bird evolution. Science 344 (6186): 898-900.	http://dx.doi.org/10.1126/science.1251981	5	pg_2926	https://tree.opentreeoflife.org/curator/study/view/pg_2926
Mitchell, Kieren J., Jamie R. Wood, Bastien Llamas, Patricia A. McLenachan, Olga Kardailsky, R. Paul Scofield, Trevor H. Worthy, Alan Cooper. 2016. Ancient mitochondrial genomes clarify the evolutionary history of New Zealand’s enigmatic acanthisittid wrens. Molecular Phylogenetics and Evolution 102: 295-304	http://dx.doi.org/10.1016/j.ympev.2016.05.038	2	ot_747	https://tree.opentreeoflife.org/curator/study/view/ot_747
Moltesen, M., Irestedt, M., Fjeldså, J., Ericson, P. G. P., & Jønsson, K. A. (2012). Molecular phylogeny of Chloropseidae and Irenidae – Cryptic species and biogeography. Molecular Phylogenetics and Evolution, 65(3), 903–914. https://doi.org/10.1016/j.ympev.2012.08.012	http://dx.doi.org/10.1016/j.ympev.2012.08.012	11	ot_2168	https://tree.opentreeoflife.org/curator/study/view/ot_2168
Moncrieff, A. E., Faircloth, B. C., & Brumfield, R. T. (2022). Systematics of Lepidothrix manakins (Aves: Passeriformes: Pipridae) using RADcap markers. Molecular Phylogenetics and Evolution, 173, 107525. https://doi.org/10.1016/j.ympev.2022.107525	http://dx.doi.org/10.1016/j.ympev.2022.107525	15	ot_2098	https://tree.opentreeoflife.org/curator/study/view/ot_2098
Moore, William S., Lowell C. Overton, Kathleen J. Miglia. 2011. Mitochondrial DNA based phylogeny of the woodpecker genera Colaptes and Piculus, and implications for the history of woodpecker diversification in South America. Molecular Phylogenetics and Evolution 58 (1): 76-84.	http://dx.doi.org/10.1016/j.ympev.2010.09.011	7	ot_158	https://tree.opentreeoflife.org/curator/study/view/ot_158
Moyle, R.G., Andersen M.J., Oliveros C., Steinheimer F.D., and Reddy S. 2012. Phylogeny and biogeography of the core babblers (Aves: Timaliidae). Systematic Biology 61 (4): 631-651.	http://dx.doi.org/10.1093/sysbio/sys027	127	pg_1586	https://tree.opentreeoflife.org/curator/study/view/pg_1586
Moyle, Robert G. 2004. Phylogenetics of barbets (Aves: Piciformes) based on nuclear and mitochondrial DNA sequence data. Molecular Phylogenetics and Evolution 30 (1): 187-200.	http://dx.doi.org/10.1016/s1055-7903(03)00179-9	27	ot_156	https://tree.opentreeoflife.org/curator/study/view/ot_156
Moyle, Robert G., Carl H. Oliveros, Michael J. Andersen, Peter A. Hosner, Brett W. Benz, Joseph D. Manthey, Scott L. Travers, Rafe M. Brown, Brant C. Faircloth. 2016. Tectonic collision and uplift of Wallacea triggered the global songbird radiation. Nature Communications 7: 12709	http://dx.doi.org/10.1038/ncomms12709	71	ot_783	https://tree.opentreeoflife.org/curator/study/view/ot_783
Nagy, J., & Tökölyi, J. (2014). Phylogeny, Historical Biogeography and the Evolution of Migration in Accipitrid Birds of Prey (Aves: Accipitriformes). Ornis Hungarica, 22(1), 15–35. https://doi.org/10.2478/orhu-2014-0008	http://dx.doi.org/10.2478/orhu-2014-0008	167	ot_2186	https://tree.opentreeoflife.org/curator/study/view/ot_2186
Nagy, J., Végvári, Z., & Varga, Z. (2019). Phylogeny, migration and life history: filling the gaps in the origin and biogeography of the Turdus thrushes. Journal of Ornithology, 160(2), 529–543. https://doi.org/10.1007/s10336-019-01632-3	http://dx.doi.org/10.1007/s10336-019-01632-3	34	ot_2188	https://tree.opentreeoflife.org/curator/study/view/ot_2188
Nguembock, Billy, Jon Fjeldså, Corinne Cruaud, Eric Pasquet. 2008. Molecular phylogenetic analysis of all members of the genus Elminia confirms their presence within the Stenostiridae clade. Zoologica Scripta 37 (6): 591-602.	http://dx.doi.org/10.1111/j.1463-6409.2008.00344.x	6	ot_175	https://tree.opentreeoflife.org/curator/study/view/ot_175
Njabo, Kevin Y, Michael D Sorenson. 2009. Origin of Bannerman's Turaco Tauraco bannermani in relation to historical climate change and the distribution of West African montane forests. Ostrich 80 (1): 1-7.	http://dx.doi.org/10.2989/ostrich.2009.80.1.1.759	18	ot_129	https://tree.opentreeoflife.org/curator/study/view/ot_129
Noor D. White, Charles Mitter, Michael J. Braun, 2017, 'Ultraconserved elements resolve the phylogeny of potoos (Aves: Nyctibiidae)', Journal of Avian Biology, vol. 48, no. 6, pp. 872-880	http://dx.doi.org/10.1111/jav.01313	8	ot_1662	https://tree.opentreeoflife.org/curator/study/view/ot_1662
Nováková, N., & Robovský, J. (2021). Behaviour of cranes (family Gruidae) mirrors their phylogenetic relationships. Avian Research, 12(1). https://doi.org/10.1186/s40657-021-00275-4	http://dx.doi.org/10.1186/s40657-021-00275-4	13	ot_2187	https://tree.opentreeoflife.org/curator/study/view/ot_2187
Nunn, Gary B., Scott E. Stanley. 1998. Body size effects and rates of cytochrome b evolution in tube-nosed seabirds. Molecular Biology and Evolution 15 (10): 1360-1371.	http://dx.doi.org/10.1093/oxfordjournals.molbev.a025864	62	pg_2416	https://tree.opentreeoflife.org/curator/study/view/pg_2416
Nyári, Árpád S., Brett W. Benz, Knud A. Jønsson, Jon Fjeldså, Robert G. Moyle. 2009. Phylogenetic relationships of fantails (Aves: Rhipiduridae). Zoologica Scripta 38 (6): 553-561.	http://dx.doi.org/10.1111/j.1463-6409.2009.00397.x	20	ot_174	https://tree.opentreeoflife.org/curator/study/view/ot_174
Nylander, Johan A. A., Urban Olsson, Per Alström, Isabel Sanmartín. 2008. Accounting for phylogenetic uncertainty in biogeography: a Bayesian approach to dispersal-vicariance analysis of the thrushes (Aves: Turdus). Systematic Biology 57 (2): 257-268.	http://dx.doi.org/10.1080/10635150802044003	35	pg_2858	https://tree.opentreeoflife.org/curator/study/view/pg_2858
Oatley, Graeme, Robert E. Simmons, Jérôme Fuchs. 2015. A molecular phylogeny of the harriers (Circus, Accipitridae) indicate the role of long distance dispersal and migration in diversification. Molecular Phylogenetics and Evolution 85:150-160.	http://dx.doi.org/10.1016/j.ympev.2015.01.013	9	ot_305	https://tree.opentreeoflife.org/curator/study/view/ot_305
Odeen, A., Hastad O., & Alstrom P. 2011. Evolution of ultraviolet vision in the largest avian radiation - the passerines. BMC Evolutionary Biology 11 (313): 1-8.	http://dx.doi.org/10.1186/1471-2148-11-313	20	pg_2015	https://tree.opentreeoflife.org/curator/study/view/pg_2015
Ogawa, Lisa M., Paulo C. Pulgarin, Donald A. Vance, Jon Fjeldså, Marcel van Tuinen. 2015. Opposing demographic histories reveal rapid evolution in grebes (Aves: Podicipedidae). The Auk 132 (4): 771-786	http://dx.doi.org/10.1642/auk-14-259.1	3	ot_864	https://tree.opentreeoflife.org/curator/study/view/ot_864
Ohlson, Jan I., Jon Fjeldså, Per G.P. Ericson. 2013. Molecular phylogeny of the manakins (Aves: Passeriformes: Pipridae), with a new classification and the description of a new genus. Molecular Phylogenetics and Evolution 69 (3): 796-804.	http://dx.doi.org/10.1016/j.ympev.2013.06.024	25	pg_2796	https://tree.opentreeoflife.org/curator/study/view/pg_2796
Oliver, P. M., Heiniger, H., Hugall, A. F., Joseph, L., & Mitchell, K. J. (2020). Oligocene divergence of frogmouth birds (Podargidae) across Wallace’s Line. Biology Letters, 16(5), 20200040. https://doi.org/10.1098/rsbl.2020.0040	http://dx.doi.org/10.1098/rsbl.2020.0040	60	ot_2108	https://tree.opentreeoflife.org/curator/study/view/ot_2108
Oliveros, C. H., Andersen, M. J., & Moyle, R. G. (2021). A phylogeny of white-eyes based on ultraconserved elements. Molecular Phylogenetics and Evolution, 164, 107273. https://doi.org/10.1016/j.ympev.2021.107273	http://dx.doi.org/10.1016/j.ympev.2021.107273	56	ot_2180	https://tree.opentreeoflife.org/curator/study/view/ot_2180
Oliveros, C. H., Field, D. J., Ksepka, D. T., Barker, F. K., Aleixo, A., Andersen, M. J., … Faircloth, B. C. (2019). Earth history and the passerine superradiation. Proceedings of the National Academy of Sciences, 116(16), 7916–7925. doi:10.1073/pnas.1813206116	http://dx.doi.org/10.1073/pnas.1813206116	179	ot_2013	https://tree.opentreeoflife.org/curator/study/view/ot_2013
Olsson, U., & Alström, P. (2020). A comprehensive phylogeny and taxonomic evaluation of the waxbills (Aves: Estrildidae). Molecular Phylogenetics and Evolution, 146, 106757. https://doi.org/10.1016/j.ympev.2020.106757	http://dx.doi.org/10.1016/j.ympev.2020.106757	103	ot_2222	https://tree.opentreeoflife.org/curator/study/view/ot_2222
Olsson, U., Irestedt, M., Sangster, G., Ericson, P. G. P., & Alström, P. (2013). Systematic revision of the avian family Cisticolidae based on a multi-locus phylogeny of all genera. Molecular Phylogenetics and Evolution, 66(3), 790–799. https://doi.org/10.1016/j.ympev.2012.11.004	http://dx.doi.org/10.1016/j.ympev.2012.11.004	35	ot_2169	https://tree.opentreeoflife.org/curator/study/view/ot_2169
Ornelas, J. F., C. Gonzalez, and A. Espinosa De Los Monteros. 2009. Uncorrelated evolution between vocal and plumage coloration traits in the trogons: a comparative study. Journal of Evolutionary Biology 22 (3): 471-484.	http://dx.doi.org/10.1111/j.1420-9101.2008.01679.x	25	ot_147	https://tree.opentreeoflife.org/curator/study/view/ot_147
Ottenburghs, Jente, Hendrik-Jan Megens, Robert H.S. Kraus, Ole Madsen, Pim van Hooft, Sipke E. van Wieren, Richard P.M.A. Crooijmans, Ronald C. Ydenberg, Martien A.M. Groenen, Herbert H.T. Prins. 2016. A Tree of Geese: A Phylogenomic Perspective on the Evolutionary History of True Geese. Molecular Phylogenetics and Evolution 101: 303-313.	http://dx.doi.org/10.1016/j.ympev.2016.05.021	15	ot_731	https://tree.opentreeoflife.org/curator/study/view/ot_731
Overton, Lowell C, Douglas D Rhoads. 2004. Molecular phylogenetic relationships based on mitochondrial and nuclear gene sequences for the Todies (Todus, Todidae) of the Caribbean. Molecular Phylogenetics and Evolution 32 (2): 524-538.	https://doi.org/10.1016/j.ympev.2004.01.004	0	ot_149	https://tree.opentreeoflife.org/curator/study/view/ot_149
Päckert, M., Favre, A., Schnitzler, J., Martens, J., Sun, Y., Tietze, D. T., Hailer, F., Michalak, I., & Strutzenberger, P. (2020). “Into and Out of” the Qinghai‐Tibet Plateau and the Himalayas: Centers of origin and diversification across five clades of Eurasian montane and alpine passerine birds. Ecology and Evolution, 10(17), 9283–9300. Portico. https://doi.org/10.1002/ece3.6615	http://dx.doi.org/10.1002/ece3.6615	229	ot_2143	https://tree.opentreeoflife.org/curator/study/view/ot_2143
Päckert, Martin , Jochen Martens, Lucia Liu Severinghaus. 2009. The Taiwan Firecrest (Regulus goodfellowi) belongs to the Goldcrest assemblage (Regulus regulus s. l.): evidence from mitochondrial DNA and the territorial song of the Regulidae. Journal of Ornithology 150 (1): 205-220.	http://dx.doi.org/10.1007/s10336-008-0335-5	4	ot_170	https://tree.opentreeoflife.org/curator/study/view/ot_170
Päckert, Martin, Jochen Martens, Michael Wink, Anna Feigl, Dieter Thomas Tietze. 2012. Molecular phylogeny of Old World swifts (Aves: Apodiformes, Apodidae, Apus and Tachymarptis) based on mitochondrial and nuclear markers. Molecular Phylogenetics and Evolution 63 (3): 606-616.	http://dx.doi.org/10.1016/j.ympev.2012.02.002	22	ot_112	https://tree.opentreeoflife.org/curator/study/view/ot_112
Päckert, Martin, Jochen Martens, Yue-Hua Sun, Lucia Liu Severinghaus, Alexander A. Nazarenko, Ji Ting, Till Töpfer, Dieter Thomas Tietze. 2011. Horizontal and elevational phylogeographic patterns of Himalayan and Southeast Asian forest passerines (Aves: Passeriformes). Journal of Biogeography 39 (3): 556-573.	http://dx.doi.org/10.1111/j.1365-2699.2011.02606.x	20	ot_172	https://tree.opentreeoflife.org/curator/study/view/ot_172
Parchman, Thomas L., Craig W. Benkman, Eduardo T. Mezquida. 2007. Coevolution between Hispaniolan crossbills and pine: does more time allow for greater phenotypic escalation at lower latitude? Evolution 61 (9): 2142-2153	https://doi.org/10.1111/j.1558-5646.2007.00172.x	0	ot_827	https://tree.opentreeoflife.org/curator/study/view/ot_827
Pasquet,  Eric, F. Keith Barker, Jochen Martens, Annie Tillier, Corinne Cruaud, Alice Cibois. 2014.  Evolution within the nuthatches (Sittidae: Aves, Passeriformes): molecular phylogeny, biogeography, and ecological perspectives. Journal of Ornithology 155 (3):755-765.	http://dx.doi.org/10.1007/s10336-014-1063-7	19	pg_2845	https://tree.opentreeoflife.org/curator/study/view/pg_2845
Patané, José S.L., Jason D. Weckstein, Alexandre Aleixo, John M. Bates. 2009. Evolutionary history of Ramphastos toucans: molecular phylogenetics, temporal diversification, and biogeography. Molecular Phylogenetics and Evolution 53 (3): 923-934.	http://dx.doi.org/10.1016/j.ympev.2009.08.017	4	ot_152	https://tree.opentreeoflife.org/curator/study/view/ot_152
Patel, Swati, Jason D. Weckstein, José S.L. Patané, John M. Bates, Alexandre Aleixo. 2011. Temporal and spatial diversification of Pteroglossus araçaris (Aves: Ramphastidae) in the neotropics: constant rate of diversification does not support an increase in radiation during the Pleistocene. Molecular Phylogenetics and Evolution 58 (1): 105-115.	http://dx.doi.org/10.1016/j.ympev.2010.10.016	9	ot_153	https://tree.opentreeoflife.org/curator/study/view/ot_153
Patterson, S.A., J.A. Morris-Pocock, V.L. Friesen. 2011. A multilocus phylogeny of the Sulidae (Aves: Pelecaniformes). Molecular Phylogenetics and Evolution 58 (2): 181-191.	http://dx.doi.org/10.1016/j.ympev.2010.11.021	8	ot_137	https://tree.opentreeoflife.org/curator/study/view/ot_137
Payne, Robert B. The cuckoos. Vol. 15. Oxford University Press, 2005. 	ISBN-13: 978-0198502135 ISBN-10: 0198502133http://ukcatalogue.oup.com/product/9780198502135.do	127	ot_121	https://tree.opentreeoflife.org/curator/study/view/ot_121
Per Alström, Frank E. Rheindt, Ruiying Zhang, Min Zhao, Jing Wang, Xiaojia Zhu, Chyi Yin Gwee, Yan Hao, Jan Ohlson, Chenxi Jia, Dewi M. Prawiradilaga, Per G.P. Ericson, Fumin Lei, Urban Olsson, 2018, 'Complete species-level phylogeny of the leaf warbler (Aves: Phylloscopidae) radiation', Molecular Phylogenetics and Evolution, vol. 126, pp. 141-152	http://dx.doi.org/10.1016/j.ympev.2018.03.031	66	ot_1287	https://tree.opentreeoflife.org/curator/study/view/ot_1287
Pereira, S., Johnson K., Clayton D., and Baker A. 2007. Mitochondrial and nuclear DNA sequences support a Cretaceous origin of Columbiformes and a dispersal-driven radiation in the Paleogene. Systematic Biology 56 (4): 656-672.	http://dx.doi.org/10.1080/10635150701549672	21	pg_2444	https://tree.opentreeoflife.org/curator/study/view/pg_2444
Pereira, Sergio L., Allan J. Baker, Anita Wajntal. 2002. Combined nuclear and mitochondrial DNA sequences resolve generic relationships within the Cracidae (Galliformes, Aves). Systematic Biology 51 (6): 946-958.	http://dx.doi.org/10.1080/10635150290102519	6	ot_119	https://tree.opentreeoflife.org/curator/study/view/ot_119
Pereira, Sergio L., Allan J. Baker. 2008. DNA evidence for a Paleocene origin of the Alcidae (Aves: Charadriiformes) in the Pacific and multiple dispersals across northern oceans. Molecular Phylogenetics and Evolution 46 (2): 430-445.	http://dx.doi.org/10.1016/j.ympev.2007.11.020	19	ot_144	https://tree.opentreeoflife.org/curator/study/view/ot_144
Pereira, Sérgio Luiz, Allan J. Baker. 2004. Vicariant speciation of curassows (Aves, Cracidae): a hypothesis based on mitochondrial DNA phylogeny. The Auk 121 (3): 682-694.	http://dx.doi.org/10.1642/0004-8038(2004)121[0682:vsocac]2.0.co;2	8	ot_120	https://tree.opentreeoflife.org/curator/study/view/ot_120
Pietersen, D. W., McKechnie, A. E., Jansen, R., Little, I. T., & Bastos, A. D. S. (2018). Multi‐locus phylogeny of African pipits and longclaws (Aves: Motacillidae) highlights taxonomic inconsistencies. Ibis, 161(4), 781–792. Portico. https://doi.org/10.1111/ibi.12683	http://dx.doi.org/10.1111/ibi.12683	40	ot_2151	https://tree.opentreeoflife.org/curator/study/view/ot_2151
Pitra, Christian, Dietmar Lieckfeldt, Sylke Frahnert, Joerns Fickel. 2002. Phylogenetic relationships and ancestral areas of the bustards (Gruiformes: Otididae), inferred from mitochondrial DNA and nuclear intron sequences. Molecular Phylogenetics and Evolution 23 (1): 63-74.	http://dx.doi.org/10.1006/mpev.2001.1078	21	ot_124	https://tree.opentreeoflife.org/curator/study/view/ot_124
Powell, Alexis F.L.A., F. Keith Barker, Scott M. Lanyon, Kevin J. Burns, John Klicka, Irby J. Lovette. 2014. A comprehensive species-level molecular phylogeny of the New World blackbirds (Icteridae). Molecular Phylogenetics and Evolution 71: 94-112.	http://dx.doi.org/10.1016/j.ympev.2013.11.009	91	pg_2707	https://tree.opentreeoflife.org/curator/study/view/pg_2707
Price, Trevor D., Daniel M. Hooper, Caitlyn D. Buchanan, Ulf S. Johansson, D. Thomas Tietze, Per Alström, Urban Olsson, Mousumi Ghosh-Harihar, Farah Ishtiaq, Sandeep K. Gupta, Jochen Martens, Bettina Harr, Pratap Singh, Dhananjai Mohan. 2014. Niche filling slows the diversification of Himalayan songbirds. Nature 509: 222-225.	http://dx.doi.org/10.1038/nature13272	323	pg_2913	https://tree.opentreeoflife.org/curator/study/view/pg_2913
Prum, Richard O., Jacob S. Berv, Alex Dornburg, Daniel J. Field, Jeffrey P. Townsend, Emily Moriarty Lemmon, Alan R. Lemmon. 2015. A comprehensive phylogeny of birds (Aves) using targeted next-generation DNA sequencing. Nature 526, (7574): 569-573	http://dx.doi.org/10.1038/nature15697	147	ot_500	https://tree.opentreeoflife.org/curator/study/view/ot_500
Pulgarín-R, Paulo C., Brian Tilston Smith, Robert W. Bryson, Garth M. Spellman, John Klicka. 2013. Multilocus phylogeny and biogeography of the New World Pheucticus grosbeaks (Aves: Cardinalidae). Molecular Phylogenetics and Evolution 69 (3): 1222-1227.	http://dx.doi.org/10.1016/j.ympev.2013.05.022	3	ot_102	https://tree.opentreeoflife.org/curator/study/view/ot_102
Quintero, Esther, Camila C. Ribas, Joel Cracraft. 2012. The Andean Hapalopsittaca parrots (Psittacidae, Aves): an example of montane-tropical lowland vicariance. Zoologica Scripta 42 (1): 28-43.	http://dx.doi.org/10.1111/j.1463-6409.2012.00567.x	12	ot_166	https://tree.opentreeoflife.org/curator/study/view/ot_166
Ramirez, J.L., C.Y. Miyaki, S.N. Del Lama. 2013. Molecular phylogeny of Threskiornithidae (Aves: Pelecaniformes) based on nuclear and mitochondrial DNA. Genetics and Molecular Research 12 (3): 2740-2750.	http://dx.doi.org/10.4238/2013.july.30.11	9	ot_139	https://tree.opentreeoflife.org/curator/study/view/ot_139
Reddy, Sushma, Rebecca T. Kimball, Akanksha Pandey, Peter A. Hosner, Michael J. Braun, Shannon J. Hackett, Kin-Lan Han, John Harshman, Christopher J. Huddleston, Sarah Kingston, Ben D. Marks, Kathleen J. Miglia, William S. Moore, Frederick H. Sheldon, Christopher C. Witt, Tamaki Yuri, Edward L. Braun. 2017. Why do phylogenomic data sets yield conflicting trees? Data type influences the avian tree of life more than taxon sampling. Systematic Biology	http://dx.doi.org/10.1093/sysbio/syx041	159	ot_1055	https://tree.opentreeoflife.org/curator/study/view/ot_1055
Rheindt, Frank E., Janette A. Norman, Les Christidis. 2008. Phylogenetic relationships of tyrant-flycatchers (Aves: Tyrannidae), with an emphasis on the elaeniine assemblage. Molecular Phylogenetics and Evolution 46 (1): 88-101	http://dx.doi.org/10.1016/j.ympev.2007.09.011	28	ot_843	https://tree.opentreeoflife.org/curator/study/view/ot_843
Ribas, C. C., A. Aleixo, A. C. R. Nogueira, C. Y. Miyaki, J. Cracraft, 2011. A palaeobiogeographic model for biotic diversification within Amazonia over the past three million years. Proceedings of the Royal Society B: Biological Sciences 279 (1729): 681-689.	http://dx.doi.org/10.1098/rspb.2011.1120	1	ot_125	https://tree.opentreeoflife.org/curator/study/view/ot_125
Ribas, Camila C., Cristina Y. Miyaki, Joel Cracraft. 2009. Phylogenetic relationships, diversification and biogeography in Neotropical Brotogeris parakeets. Journal of Biogeography 36 (9): 1712-1729.	http://dx.doi.org/10.1111/j.1365-2699.2009.02131.x	6	ot_164	https://tree.opentreeoflife.org/curator/study/view/ot_164
Ribas, Camila C., Leo Joseph, Cristina Y. Miyaki. 2006. Molecular systematics and patterns of diversification in Pyrrhura (Psittacidae), with special reference to the picta-leucotis complex. The Auk 123 (3): 660-680.	http://dx.doi.org/10.1642/0004-8038(2006)123[660:msapod]2.0.co;2	7	ot_167	https://tree.opentreeoflife.org/curator/study/view/ot_167
Rice, Nathan H. 2005. Phylogenetic relationships of antpitta genera (Passeriformes: Formicariidae). The Auk 122 (2): 673-683.	http://dx.doi.org/10.1642/0004-8038(2005)122[0673:proagp]2.0.co;2	7	pg_2890	https://tree.opentreeoflife.org/curator/study/view/pg_2890
ROBERT G. MOYLE, 2005, 'Phylogeny and biogeographical history of Trogoniformes, a pantropical bird order', Biological Journal of the Linnean Society, vol. 84, no. 4, pp. 725-738	http://dx.doi.org/10.1111/j.1095-8312.2005.00435.x	18	ot_838	https://tree.opentreeoflife.org/curator/study/view/ot_838
Robert G. Moyle, 2006, 'A MOLECULAR PHYLOGENY OF KINGFISHERS (ALCEDINIDAE) WITH INSIGHTS INTO EARLY BIOGEOGRAPHIC HISTORY', The Auk, vol. 123, no. 2, p. 487	http://dx.doi.org/10.1642/0004-8038(2006)123[487:ampoka]2.0.co;2	26	ot_837	https://tree.opentreeoflife.org/curator/study/view/ot_837
Robert G. Moyle, Ben D. Marks, 2006, 'Phylogenetic relationships of the bulbuls (Aves: Pycnonotidae) based on mitochondrial and nuclear DNA sequence data', Molecular Phylogenetics and Evolution, vol. 40, no. 3, pp. 687-695	http://dx.doi.org/10.1016/j.ympev.2006.04.015	24	ot_832	https://tree.opentreeoflife.org/curator/study/view/ot_832
Robert G. Moyle, Beth Slikas, Linda A. Whittingham, David W. Winkler, Frederick H. Sheldon, 2008, 'DNA Sequence assessment of phylogenetic relationships among New World martins (Hirundinidae: Progne)', The Wilson Journal of Ornithology, vol. 120, no. 4, pp. 683-691	http://dx.doi.org/10.1676/07-131.1	6	ot_834	https://tree.opentreeoflife.org/curator/study/view/ot_834
Robert G. Moyle, Jérôme Fuchs, Eric Pasquet, Ben D. Marks, 2007, 'Feeding behavior, toe count, and the phylogenetic relationships among alcedinine kingfishers (Alcedininae)', Journal of Avian Biology, vol. 38, no. 3, pp. 317-326	http://dx.doi.org/10.1111/j.2007.0908-8857.03921.x	20	ot_835	https://tree.opentreeoflife.org/curator/study/view/ot_835
Robert G. Moyle, Joel Cracraft, Maklarin Lakim, Jamili Nais, Frederick H. Sheldon, 2006, 'Reconsideration of the phylogenetic relationships of the enigmatic Bornean Bristlehead (Pityriasis gymnocephala)', Molecular Phylogenetics and Evolution, vol. 39, no. 3, pp. 893-898	http://dx.doi.org/10.1016/j.ympev.2006.01.024	7	ot_836	https://tree.opentreeoflife.org/curator/study/view/ot_836
ROBERT G. MOYLE, R TERRY CHESSER, RICHARD O. PRUM, PETER SCHIKLER, JOEL CRACRAFT, 2006, 'Phylogeny and Evolutionary History of Old World Suboscine Birds (Aves: Eurylaimides)', American Museum Novitates, vol. 3544, no. 1, p. 1	http://dx.doi.org/10.1206/0003-0082(2006)3544[1:paehoo]2.0.co;2	15	ot_831	https://tree.opentreeoflife.org/curator/study/view/ot_831
Robert W. Bryson, Jaime Chaves, Brian Tilston Smith, Matthew J. Miller, Kevin Winker, Jorge L. Pérez-Emán, John Klicka, 2014, 'Diversification across the New World within the ‘blue’ cardinalids (Aves: Cardinalidae)', Journal of Biogeography, vol. 41, no. 3, pp. 587-599	http://dx.doi.org/10.1111/jbi.12218	12	ot_169	https://tree.opentreeoflife.org/curator/study/view/ot_169
Russello, Michael A, George Amato. 2004. A molecular phylogeny of Amazona: implications for Neotropical parrot biogeography, taxonomy, and conservation. Molecular Phylogenetics and Evolution 30 (2): 421-437.	http://dx.doi.org/10.1016/s1055-7903(03)00192-1	19	ot_161	https://tree.opentreeoflife.org/curator/study/view/ot_161
Salter, J. F., Hosner, P. A., Tsai, W. L. E., McCormack, J. E., Braun, E. L., Kimball, R. T., Brumfield, R. T., & Faircloth, B. C. (2022). Historical specimens and the limits of subspecies phylogenomics in the New World quails (Odontophoridae). Molecular Phylogenetics and Evolution, 175, 107559. https://doi.org/10.1016/j.ympev.2022.107559	http://dx.doi.org/10.1016/j.ympev.2022.107559	31	ot_2183	https://tree.opentreeoflife.org/curator/study/view/ot_2183
Salter, J. F., Oliveros, C. H., Hosner, P. A., Manthey, J. D., Robbins, M. B., Moyle, R. G., Brumfield, R. T., & Faircloth, B. C. (2020). Extensive paraphyly in the typical owl family (Strigidae). The Auk, 137(1). https://doi.org/10.1093/auk/ukz070	http://dx.doi.org/10.1093/auk/ukz070	40	ot_2085	https://tree.opentreeoflife.org/curator/study/view/ot_2085
Sangeet Lamichhaney, Jonas Berglund, Markus Sällman Almén, Khurram Maqbool, Manfred Grabherr, Alvaro Martinez-Barrio, Marta Promerová, Carl-Johan Rubin, Chao Wang, Neda Zamani, B. Rosemary Grant, Peter R. Grant, Matthew T. Webster, Leif Andersson, 2015, 'Evolution of Darwin’s finches and their beaks revealed by genome sequencing', Nature, vol. 518, no. 7539, pp. 371-375	http://dx.doi.org/10.1038/nature14181	7	ot_891	https://tree.opentreeoflife.org/curator/study/view/ot_891
Schweizer, Manuel, Hadoram Shirihai. 2013. Phylogeny of the Oenanthe lugens complex (Aves, Muscicapidae: Saxicolinae): paraphyly of a morphologically cohesive group within a recent radiation of open-habitat chats. Molecular Phylogenetics and Evolution 69 (3): 450-461.	http://dx.doi.org/10.1016/j.ympev.2013.08.010	5	ot_110	https://tree.opentreeoflife.org/curator/study/view/ot_110
Schweizer, Manuel, Marcel Güntert, Stefan T. Hertwig. 2012. Phylogeny and biogeography of the parrot genus Prioniturus (Aves: Psittaciformes). Journal of Zoological Systematics and Evolutionary Research 50 (2): 145-156.	http://dx.doi.org/10.1111/j.1439-0469.2012.00654.x	6	ot_162	https://tree.opentreeoflife.org/curator/study/view/ot_162
Schweizer, Manuel, Timothy F. Wright, Joshua V. Peñalba, Erin E. Schirtzinger, Leo Joseph. 2015. Molecular phylogenetics suggests a New Guinean origin and frequent episodes of founder-event speciation in the nectarivorous lories and lorikeets (Aves: Psittaciformes). Molecular Phylogenetics and Evolution 90: 34-48.	http://dx.doi.org/10.1016/j.ympev.2015.04.021	23	ot_312	https://tree.opentreeoflife.org/curator/study/view/ot_312
Scofield, R. Paul, Kieren J. Mitchell, Jamie R. Wood, Vanesa L. De Pietri, Scott Jarvie, Bastien Llamas, Alan Cooper. 2016. The Origin and Phylogenetic Relationships of the New Zealand Ravens. Molecular Phylogenetics and Evolution 106: 136–143	http://dx.doi.org/10.1016/j.ympev.2016.09.022	85	ot_863	https://tree.opentreeoflife.org/curator/study/view/ot_863
Selvatti, Alexandre Pedro, Luiz Pedreira Gonzaga, Claudia Augusta de Moraes Russo. 2015. A Paleogene origin for crown passerines and the diversification of the Oscines in the New World. Molecular Phylogenetics and Evolution 88: 1-15.	http://dx.doi.org/10.1016/j.ympev.2015.03.018	564	ot_290	https://tree.opentreeoflife.org/curator/study/view/ot_290
Sérgio L. Pereira, Anita Wajntal, 2008, 'The historical biogeography of Pteroglossus aracaris (Aves, Piciformes, Ramphastidae) based on Bayesian analysis of mitochondrial DNA sequences', Genetics and Molecular Biology, vol. 31, no. 4, pp. 964-973	http://dx.doi.org/10.1590/s1415-47572008005000021	9	ot_830	https://tree.opentreeoflife.org/curator/study/view/ot_830
Shakya, S. B., Fuchs, J., Pons, J.-M., & Sheldon, F. H. (2017). Tapping the woodpecker tree for evolutionary insight. Molecular Phylogenetics and Evolution, 116, 182–191. doi:10.1016/j.ympev.2017.09.005	http://dx.doi.org/10.1016/j.ympev.2017.09.005	205	ot_2017	https://tree.opentreeoflife.org/curator/study/view/ot_2017
Shakya, S. B., Irham, M., Brady, M. L., Haryoko, T., Fitriana, Y. S., Johnson, O., Rahman, M. A., Robi, N. J., Moyle, R. G., Prawiradilaga, D. M., & Sheldon, F. H. (2020). Observations on the relationships of some Sundaic passerine taxa (Aves: Passeriformes) previously unavailable for molecular phylogenetic study. Journal of Ornithology, 161(3), 651–664. https://doi.org/10.1007/s10336-020-01766-9	http://dx.doi.org/10.1007/s10336-020-01766-9	79	ot_2234	https://tree.opentreeoflife.org/curator/study/view/ot_2234
Shakya, Subir B., Frederick H. Sheldon. 2017. The phylogeny of the world's bulbuls (Pycnonotidae) inferred using a supermatrix approach. Ibis 159 (3): 498-509	http://dx.doi.org/10.1111/ibi.12464	208	ot_1170	https://tree.opentreeoflife.org/curator/study/view/ot_1170
Sheldon, Frederick H., Linda A. Whittingham, Robert G. Moyle, Beth Slikas, David W. Winkler. 2005. Phylogeny of swallows (Aves: Hirundinidae) estimated from nuclear and mitochondrial DNA sequences. Molecular Phylogenetics and Evolution 35 (1): 254-270.	http://dx.doi.org/10.1016/j.ympev.2004.11.008	53	ot_178	https://tree.opentreeoflife.org/curator/study/view/ot_178
Shipham, Ashlee, Daniel J. Schmidt, Leo Joseph, Jane M. Hughes. 2015. Phylogenetic analysis of the Australian rosella parrots (Platycercus) reveals discordance among molecules and plumage. Molecular Phylogenetics and Evolution 91: 150-159.	http://dx.doi.org/10.1016/j.ympev.2015.05.012	4	ot_313	https://tree.opentreeoflife.org/curator/study/view/ot_313
Simone Treplin, Romy Siegert, Christoph Bleidorn, Hazell Shokellu Thompson, Roger Fotso, Ralph Tiedemann, 2008, 'Molecular phylogeny of songbirds (Aves: Passeriformes) and the relative utility of common nuclear marker loci', Cladistics, vol. 24, no. 3, pp. 328-349	http://dx.doi.org/10.1111/j.1096-0031.2007.00178.x	22	ot_841	https://tree.opentreeoflife.org/curator/study/view/ot_841
Slager, David L., C.J. Battey, Robert W. Bryson, Gary Voelker, John Klicka. 2014. A multilocus phylogeny of a major New World avian radiation: The Vireonidae. Molecular Phylogenetics and Evolution 80: 95-104	http://dx.doi.org/10.1016/j.ympev.2014.07.021	19	ot_768	https://tree.opentreeoflife.org/curator/study/view/ot_768
Slikas, Beth. 1997. Phylogeny of the avian family Ciconiidae (storks) based on cytochrome b sequences and DNA–DNA hybridization distances. Molecular Phylogenetics and Evolution 8 (3): 275-300.	http://dx.doi.org/10.1006/mpev.1997.0431	13	ot_138	https://tree.opentreeoflife.org/curator/study/view/ot_138
Smith, B. T., Merwin, J., Provost, K. L., Thom, G., Brumfield, R. T., Ferreira, M., Mauck, W. M., Moyle, R. G., Wright, T. F., & Joseph, L. (2022). Phylogenomic Analysis of the Parrots of the World Distinguishes Artifactual from Biological Sources of Gene Tree Discordance. Systematic Biology. https://doi.org/10.1093/sysbio/syac055 	http://dx.doi.org/10.1093/sysbio/syac055	358	ot_2145	https://tree.opentreeoflife.org/curator/study/view/ot_2145
Smith, Brian Tilston, Camila C. Ribas, Bret M. Whitney, Blanca E. HernÁndez-baÑos, John Klicka. 2012. Identifying biases at different spatial and temporal scales of diversification: a case study in the Neotropical parrotlet genus Forpus. Molecular Ecology 22 (2): 483-494.	http://dx.doi.org/10.1111/mec.12118	5	ot_165	https://tree.opentreeoflife.org/curator/study/view/ot_165
Spellman, GM, A Cibois, RG Moyle, K Winker, F Keith Barker. 2008. Clarifying the systematics of an enigmatic avian lineage: What is a bombycillid?. Molecular Phylogenetics and Evolution 49 (3): 1036-1040.	http://dx.doi.org/10.1016/j.ympev.2008.09.006	7	ot_171	https://tree.opentreeoflife.org/curator/study/view/ot_171
Sprengelmeyer, Quentin D. A phylogenetic reevaluation of the genus Gavia (Aves: Gaviiformes) using next-generation sequencing. (2014).	https://commons.nmu.edu/theses/1/	3	ot_2147	https://tree.opentreeoflife.org/curator/study/view/ot_2147
Stein, R. Will, Joseph W. Brown, Arne Ø. Mooers. 2015. A molecular genetic time scale demonstrates Cretaceous origins and multiple diversification rate shifts within the order Galliformes (Aves). Molecular Phylogenetics and Evolution 92: 155-164	http://dx.doi.org/10.1016/j.ympev.2015.06.005	168	ot_425	https://tree.opentreeoflife.org/curator/study/view/ot_425
Stervander, M., Hansson, B., Olsson, U., Hulme, M. F., Ottosson, U., & Alström, P. (2020). Molecular Species Delimitation of Larks (Aves: Alaudidae), and Integrative Taxonomy of the Genus Calandrella, with the Description of a Range-Restricted African Relic Taxon. Diversity, 12(11), 428. https://doi.org/10.3390/d12110428	http://dx.doi.org/10.3390/d12110428	34	ot_2125	https://tree.opentreeoflife.org/curator/study/view/ot_2125
Subramanian, S., G. Beans-Picon, S. K. Swaminathan, C. D. Millar, D. M. Lambert. 2013. Evidence for a recent origin of penguins. Biology Letters 9 (6): 20130748-20130748.	http://dx.doi.org/10.1098/rsbl.2013.0748	5	pg_2798	https://tree.opentreeoflife.org/curator/study/view/pg_2798
Sushma Reddy, 2008, 'Systematics and biogeography of the shrike-babblers (Pteruthius): Species limits, molecular phylogenetics, and diversification patterns across southern Asia', Molecular Phylogenetics and Evolution, vol. 47, no. 1, pp. 54-72	http://dx.doi.org/10.1016/j.ympev.2008.01.014	2	ot_824	https://tree.opentreeoflife.org/curator/study/view/ot_824
Sweet, Andrew D., Kevin P. Johnson. 2015. Patterns of diversification in small New World ground doves are consistent with major geologic events. The Auk 132 (1): 300-312.	http://dx.doi.org/10.1642/auk-14-193.1	10	ot_769	https://tree.opentreeoflife.org/curator/study/view/ot_769
Tavares, E.S., Baker A., Pereira S., & Miyaki C. 2006. Phylogenetic relationships and historical biogeography of neotropical parrots (Psittaciformes: Psittacidae: Arini) inferred from mitochondrial and nuclear DNA Sequences. Systematic Biology 55 (3): 454-470.	http://dx.doi.org/10.1080/10635150600697390	2	pg_1979	https://tree.opentreeoflife.org/curator/study/view/pg_1979
Taxonomy, phylogeny and biogeography of cisticolas (Cisticola spp.)	https://open.uct.ac.za/items/d5644c7b-f4a8-4e30-a518-b6562c628ba3	39	ot_2270	https://tree.opentreeoflife.org/curator/study/view/ot_2270
Tietze, Dieter Thomas, Martin Päckert, Jochen Martens, Henriette Lehmann, Yue-Hua Sun. 2013. Complete phylogeny and historical biogeography of true rosefinches (Aves: Carpodacus) . Zoological Journal of the Linnean Society 169 (1): 215-234.	http://dx.doi.org/10.1111/zoj.12057	18	pg_2874	https://tree.opentreeoflife.org/curator/study/view/pg_2874
Torres, Chris R, Lisa M Ogawa, Mark AF Gillingham, Brittney Ferrari, Marcel van Tuinen. 2014. A multi-locus inference of the evolutionary diversification of extant flamingos (Phoenicopteridae). BMC Evolutionary Biology 14 (1): 36.	http://dx.doi.org/10.1186/1471-2148-14-36	4	ot_122	https://tree.opentreeoflife.org/curator/study/view/ot_122
Ulf S. Johansson, Jon Fjeldså, Rauri C.K. Bowie, 2008, 'Phylogenetic relationships within Passerida (Aves: Passeriformes): A review and a new molecular phylogeny based on three nuclear intron markers', Molecular Phylogenetics and Evolution, vol. 48, no. 3, pp. 858-876	http://dx.doi.org/10.1016/j.ympev.2008.05.029	36	ot_854	https://tree.opentreeoflife.org/curator/study/view/ot_854
Ulf S. Johansson, Martin Irestedt, Yanhua Qu, Per G.P. Ericson, 2018, 'Phylogenetic relationships of rollers (Coraciidae) based on complete mitochondrial genomes and fifteen nuclear genes', Molecular Phylogenetics and Evolution, vol. 126, pp. 17-22	http://dx.doi.org/10.1016/j.ympev.2018.03.030	9	ot_1285	https://tree.opentreeoflife.org/curator/study/view/ot_1285
Vianna, J. A., Fernandes, F. A. N., Frugone, M. J., Figueiró, H. V., Pertierra, L. R., Noll, D., … Bowie, R. C. K. (2020). Genome-wide analyses reveal drivers of penguin diversification. Proceedings of the National Academy of Sciences, 117(36), 22303–22310. doi:10.1073/pnas.2006659117	http://dx.doi.org/10.1073/pnas.2006659117	25	ot_2020	https://tree.opentreeoflife.org/curator/study/view/ot_2020
Voelker, G. (2002). Molecular phylogenetics and the historical biogeography of dippers (Cinclus). Ibis, 144(4), 577–584. https://doi.org/10.1046/j.1474-919x.2002.00084.x	http://dx.doi.org/10.1046/j.1474-919x.2002.00084.x	3	ot_2149	https://tree.opentreeoflife.org/curator/study/view/ot_2149
Voelker, G., & Light J.E. 2011. Palaeoclimatic events, dispersal and migratory losses along the Afro-European axis as drivers of biogeographic distribution in Sylvia warblers. BMC Evolutionary Biology 11: 163.	http://dx.doi.org/10.1186/1471-2148-11-163	12	pg_2332	https://tree.opentreeoflife.org/curator/study/view/pg_2332
Wang, Ning, Rebecca T. Kimball, Edward L. Braun, Bin Liang, Zhengwang Zhang. 2016. Ancestral range reconstruction of Galliformes: the effects of topology and taxon sampling. Journal of Biogeography	http://dx.doi.org/10.1111/jbi.12782	63	ot_753	https://tree.opentreeoflife.org/curator/study/view/ot_753
White, N. D., & Braun, M. J. (2019). Extracting phylogenetic signal from phylogenomic data: Higher-level relationships of the nightbirds (Strisores). Molecular Phylogenetics and Evolution, 141, 106611. https://doi.org/10.1016/j.ympev.2019.106611	http://dx.doi.org/10.1016/j.ympev.2019.106611	15	ot_2132	https://tree.opentreeoflife.org/curator/study/view/ot_2132
White, Nicole E., Matthew J. Phillips, M. Thomas P. Gilbert, Alonzo Alfaro-Núñez, Eske Willerslev, Peter R. Mawson, Peter B.S. Spencer, Michael Bunce. 2011. The evolutionary history of cockatoos (Aves: Psittaciformes: Cacatuidae). Molecular Phylogenetics and Evolution 59 (3): 615-622.	http://dx.doi.org/10.1016/j.ympev.2011.03.011	8	ot_160	https://tree.opentreeoflife.org/curator/study/view/ot_160
Whittingham, Linda A., Frederick H. Sheldon, Stephen T. Emlen. 2000. Molecular phylogeny of jacanas and its implications for morphologic and biogeographic evolution. The Auk 117 (1): 22-32.	http://dx.doi.org/10.1642/0004-8038(2000)117[0022:mpojai]2.0.co;2	4	ot_136	https://tree.opentreeoflife.org/curator/study/view/ot_136
Wood, Jamie R., Kieren J. Mitchell, R. Paul Scofield, Vanesa L. De Pietri, Nicolas J. Rawlence, Alan Cooper. 2016. Phylogenetic relationships and terrestrial adaptations of the extinct laughing owl, Sceloglaux albifacies (Aves: Strigidae). Zoological Journal of the Linnean Society	http://dx.doi.org/10.1111/zoj.12483	38	ot_773	https://tree.opentreeoflife.org/curator/study/view/ot_773
Wright, T. F., E. E. Schirtzinger, T. Matsumoto, J. R. Eberhard, G. R. Graves, J. J. Sanchez, S. Capelli, H. Muller, J. Scharpegge, G. K. Chambers, R. C. Fleischer. 2008. A multilocus molecular phylogeny of the parrots (Psittaciformes): support for a Gondwanan origin during the Cretaceous. Molecular Biology and Evolution 25 (10): 2141-2156.	http://dx.doi.org/10.1093/molbev/msn160	35	pg_2805	https://tree.opentreeoflife.org/curator/study/view/pg_2805
Yonezawa, T., Segawa, T., Mori, H., Campos, P. F., Hongoh, Y., Endo, H., Akiyoshi, A., Kohno, N., Nishida, S., Wu, J., Jin, H., Adachi, J., Kishino, H., Kurokawa, K., Nogi, Y., Tanabe, H., Mukoyama, H., Yoshida, K., Rasoamiaramanana, A., … Hasegawa, M. (2017). Phylogenomics and Morphology of Extinct Paleognaths Reveal the Origin and Evolution of the Ratites. Current Biology, 27(1), 68–77. https://doi.org/10.1016/j.cub.2016.10.029	http://dx.doi.org/10.1016/j.cub.2016.10.029	9	ot_2083	https://tree.opentreeoflife.org/curator/study/view/ot_2083
Younger, J. L., Block, N. L., Raherilalao, M. J., Maddox, J. D., Wacker, K. S., Kyriazis, C. C., Goodman, S. M., & Reddy, S. (2019). Diversification of a cryptic radiation, a closer look at Madagascar’s recently recognized bird family. https://doi.org/10.1101/825687	http://dx.doi.org/10.1101/825687	9	ot_2185	https://tree.opentreeoflife.org/curator/study/view/ot_2185
Zhang, Z., Wang, X., Huang, Y., Olsson, U., Martinez, J., Alström, P., & Lei, F. (2016). Unexpected divergence and lack of divergence revealed in continental Asian Cyornis flycatchers (Aves: Muscicapidae). Molecular Phylogenetics and Evolution, 94, 232–241. https://doi.org/10.1016/j.ympev.2015.08.024	http://dx.doi.org/10.1016/j.ympev.2015.08.024	8	ot_2190	https://tree.opentreeoflife.org/curator/study/view/ot_2190
Zhao, M., Gordon Burleigh, J., Olsson, U., Alström, P., & Kimball, R. T. (2023). A near-complete and time-calibrated phylogeny of the Old World flycatchers, robins and chats (Aves, Muscicapidae). Molecular Phylogenetics and Evolution, 178, 107646. https://doi.org/10.1016/j.ympev.2022.107646	http://dx.doi.org/10.1016/j.ympev.2022.107646	297	ot_2167	https://tree.opentreeoflife.org/curator/study/view/ot_2167
Zhou, Xiaoping, Chengte Yao, Qingxian Lin, Wenzhen Fang, Xiaolin Chen. 2015. Complete mitochondrial genomes render the Night Heron genus Gorsachius non-monophyletic. Journal of Ornithology 157 (2): 505-513	http://dx.doi.org/10.1007/s10336-015-1297-z	14	ot_862	https://tree.opentreeoflife.org/curator/study/view/ot_862
Zink, Robert M., Donna L. Dittmann, John Klicka, Rachelle C. Blackwell-Rago. 1999. Evolutionary patterns of morphometrics, allozymes, and mitochondrial DNA in thrashers (genus Toxostoma). The Auk 116 (4): 1021-1038	http://www.jstor.org/stable/4089682	7	ot_880	https://tree.opentreeoflife.org/curator/study/view/ot_880
Zink, Robert M., Rachelle C. Blackwell. 1998. Molecular systematics and biogeography of aridland gnatcatchers (genus Polioptila) and evidence supporting species status of the California gnatcatcher (Polioptila californica). Molecular Phylogenetics and Evolution 9 (1): 26-32	http://dx.doi.org/10.1006/mpev.1997.0444	2	ot_882	https://tree.opentreeoflife.org/curator/study/view/ot_882
Zino, Francis, Ruth Brown, Manuel Biscoito. 2008. The separation of Pterodroma madeira (Zino's Petrel) from Pterodroma feae (Fea's Petrel) (Aves: Procellariidae). Ibis 150 (2): 326-334	http://dx.doi.org/10.1111/j.1474-919x.2007.00794.x	7	ot_820	https://tree.opentreeoflife.org/curator/study/view/ot_820
Zuccon, Dario, Alice Cibois, Eric Pasquet, Per G.P. Ericson. 2006. Nuclear and mitochondrial sequence data reveal the major lineages of starlings, mynas and related taxa. Molecular Phylogenetics and Evolution 41 (2): 333-344	http://dx.doi.org/10.1016/j.ympev.2006.05.007	20	ot_874	https://tree.opentreeoflife.org/curator/study/view/ot_874
Zuccon, Dario, Robert Prŷs-Jones, Pamela C. Rasmussen, and Per G.P. Ericson. 2012. The phylogenetic relationships and generic limits of finches (Fringillidae). Molecular Phylogenetics and Evolution 62 (2): 581-596.	http://dx.doi.org/10.1016/j.ympev.2011.10.002	77	pg_2692	https://tree.opentreeoflife.org/curator/study/view/pg_2692
Zwiers, Paul B., Gerald Borgia, Robert C. Fleischer. 2008. Plumage based classification of the bowerbird genus Sericulus evaluated using a multi-gene, multi-genome analysis. Molecular Phylogenetics and Evolution 46 (3): 923-931	http://dx.doi.org/10.1016/j.ympev.2007.11.019	3	ot_815	https://tree.opentreeoflife.org/curator/study/view/ot_815
